/*M!999999\- enable the sandbox mode */ 
-- MariaDB dump 10.19-12.3.2-MariaDB, for Linux (x86_64)
--
-- Host: localhost    Database: GeoterRA
-- ------------------------------------------------------
-- Server version	12.3.2-MariaDB

/*!40101 SET @OLD_CHARACTER_SET_CLIENT=@@CHARACTER_SET_CLIENT */;
/*!40101 SET @OLD_CHARACTER_SET_RESULTS=@@CHARACTER_SET_RESULTS */;
/*!40101 SET @OLD_COLLATION_CONNECTION=@@COLLATION_CONNECTION */;
/*!40101 SET NAMES utf8mb4 */;
/*!40103 SET @OLD_TIME_ZONE=@@TIME_ZONE */;
/*!40103 SET TIME_ZONE='+00:00' */;
/*!40014 SET @OLD_UNIQUE_CHECKS=@@UNIQUE_CHECKS, UNIQUE_CHECKS=0 */;
/*!40014 SET @OLD_FOREIGN_KEY_CHECKS=@@FOREIGN_KEY_CHECKS, FOREIGN_KEY_CHECKS=0 */;
/*!40101 SET @OLD_SQL_MODE=@@SQL_MODE, SQL_MODE='NO_AUTO_VALUE_ON_ZERO' */;
/*M!100616 SET @OLD_NOTE_VERBOSITY=@@NOTE_VERBOSITY, NOTE_VERBOSITY=0 */;

--
-- Table structure for table `access_tokens`
--

DROP TABLE IF EXISTS `access_tokens`;
/*!40101 SET @saved_cs_client     = @@character_set_client */;
/*!40101 SET character_set_client = utf8mb4 */;
CREATE TABLE `access_tokens` (
  `access_token_id` char(26) NOT NULL,
  `user_id` char(26) NOT NULL,
  `access_token_hash` char(64) NOT NULL,
  `expires_at` timestamp NOT NULL DEFAULT current_timestamp(),
  `revoked_at` timestamp NULL DEFAULT NULL,
  `created_at` timestamp NOT NULL DEFAULT current_timestamp(),
  PRIMARY KEY (`access_token_id`),
  UNIQUE KEY `unique_accesst_hash` (`access_token_hash`) USING BTREE,
  KEY `fk_accesst_user_id` (`user_id`) USING BTREE
) ENGINE=InnoDB DEFAULT CHARSET=utf8mb4 COLLATE=utf8mb4_general_ci;
/*!40101 SET character_set_client = @saved_cs_client */;

--
-- Dumping data for table `access_tokens`
--

SET @OLD_AUTOCOMMIT=@@AUTOCOMMIT, @@AUTOCOMMIT=0;
LOCK TABLES `access_tokens` WRITE;
/*!40000 ALTER TABLE `access_tokens` DISABLE KEYS */;
INSERT INTO `access_tokens` VALUES
('01KSDHET7NPWD52F4RY10WE8B1','01KSDHAZHHKK02DG47168ZX7TV','21608c106795ece560855e805a1effd68c79edde65dce91fd5ec53b2a53c449f','2026-05-25 03:15:21',NULL,'2026-05-25 01:45:21'),
('01KSDHF3762P7K0DP5N4N71GYS','01KSDHAZHHKK02DG47168ZX7TV','a41a58bd9595e2fe937756252582b8bca77c9705da06e1a759952136f4ee5e2e','2026-05-25 03:15:30',NULL,'2026-05-25 01:45:30'),
('01KSDHHKN0WP64426GRDHK8XDM','01KSDHAZHHKK02DG47168ZX7TV','14b12b8bf956031ade60e10c1905ab373494d6f4c77503c317035e4276000c9d','2026-05-25 03:16:52',NULL,'2026-05-25 01:46:52'),
('01KSDHK6BGF4NKETFCABK6KM9E','01KSDHAZHHKK02DG47168ZX7TV','4ff5257329bc0fe9615e593ba7c1e8c8e57677353e12cde28aed4e0848fef694','2026-05-25 03:17:44',NULL,'2026-05-25 01:47:44'),
('01KSDKRVP83C2KA6AJCM0R1J4N','06F43H2S28KNWX71TSF7MWWTA4','48f032aa70b2af8e1e95b31be110e779538ba9320b703a8045b27c9e8cc4f85d','2026-05-25 03:55:47',NULL,'2026-05-25 02:25:47'),
('01KSDS4DW4E0M555XNRYP768Y0','06F43H2S28KNWX71TSF7MWWTA4','713b996c20c6a8552b41e2adb06c0b1e9b9b32507c8d37d4a7c48fc978844755','2026-05-25 05:29:29',NULL,'2026-05-25 03:59:29'),
('01KSFS731MH3VSBAMVSQM6M4AN','06F43H2S28KNWX71TSF7MWWTA4','450ce6946bcb1ac3d24308405131c15c0e8640179835a8e9c59aac66e59628ef','2026-05-26 00:09:25',NULL,'2026-05-25 22:39:25'),
('01KSFTN36W4NAT5GD0PZ1QZQM4','06F43H2S28KNWX71TSF7MWWTA4','a5a7b28f1cefaf1aa84787ec3cf3a4137f1ce6385172ceaa3d73c964ef9d2f91','2026-05-26 00:34:33',NULL,'2026-05-25 23:04:33'),
('01KSG0ATJ0BKHGHEG8JV17H1KM','06F43H2S28KNWX71TSF7MWWTA4','ad874f615f697fd87cda933b73c0d6e4b4af27f0a88e7ee7cc1e149ff2a9a63f','2026-05-26 02:13:48',NULL,'2026-05-26 00:43:48'),
('01KTYAQGBV39NC714SX1EKBQK8','06F43H2S28KNWX71TSF7MWWTA4','36d24dc429fa99ecf74648a354795e9eb6e1ee93cfa2868cfd1eed712da1c8e8','2026-06-13 00:00:33',NULL,'2026-06-12 22:30:33'),
('01KTYAQY7G7258M1KWBTKFFEWQ','06F43H2S28KNWX71TSF7MWWTA4','01a76fa92936015e58e1725511b9ddb45144356de1b522f8155e92ae4e243d74','2026-06-13 00:00:47',NULL,'2026-06-12 22:30:47'),
('01KTYB0BS1SFZB46W1QAQPA8VB','06F43H2S28KNWX71TSF7MWWTA4','571ff773f87fc4c35d6605e5be6d1cdd339000eb731b24dec5232a47eff3a2c9','2026-06-13 00:05:23',NULL,'2026-06-12 22:35:23'),
('01KTYB14R1CKSHWTC8A2Z48CQE','06F43H2S28KNWX71TSF7MWWTA4','cfb3dd304c5d7f7aa700ded409ed6d84bdaafc027fdeef97958e36fb6a355cb6','2026-06-13 00:05:49',NULL,'2026-06-12 22:35:49');
/*!40000 ALTER TABLE `access_tokens` ENABLE KEYS */;
UNLOCK TABLES;
COMMIT;
SET AUTOCOMMIT=@OLD_AUTOCOMMIT;

--
-- Table structure for table `cantons`
--

DROP TABLE IF EXISTS `cantons`;
/*!40101 SET @saved_cs_client     = @@character_set_client */;
/*!40101 SET character_set_client = utf8mb4 */;
CREATE TABLE `cantons` (
  `canton_id` char(26) NOT NULL,
  `province_snit_code` mediumint(9) unsigned NOT NULL,
  `canton_snit_code` mediumint(9) unsigned NOT NULL,
  `canton_name` varchar(55) NOT NULL,
  `created_at` timestamp NOT NULL DEFAULT current_timestamp(),
  `created_by` char(26) NOT NULL,
  PRIMARY KEY (`canton_id`),
  UNIQUE KEY `unique_canton_snit_code` (`canton_snit_code`),
  KEY `fk_canton_created_by` (`created_by`),
  KEY `fk_canton_province_snit_code` (`province_snit_code`),
  CONSTRAINT `fk_canton_created_by` FOREIGN KEY (`created_by`) REFERENCES `users` (`user_id`) ON DELETE NO ACTION ON UPDATE CASCADE,
  CONSTRAINT `fk_canton_province_snit_code` FOREIGN KEY (`province_snit_code`) REFERENCES `provinces` (`province_snit_code`) ON DELETE CASCADE ON UPDATE CASCADE
) ENGINE=InnoDB DEFAULT CHARSET=utf8mb4 COLLATE=utf8mb4_general_ci;
/*!40101 SET character_set_client = @saved_cs_client */;

--
-- Dumping data for table `cantons`
--

SET @OLD_AUTOCOMMIT=@@AUTOCOMMIT, @@AUTOCOMMIT=0;
LOCK TABLES `cantons` WRITE;
/*!40000 ALTER TABLE `cantons` DISABLE KEYS */;
INSERT INTO `cantons` VALUES
('01KS0XQNTNRT61XB5V319X97TZ',1,101,'San José','2026-05-19 20:09:47','06F43H2S28KNWX71TSF7MWWTA4'),
('01KS0XQNTP3R0CXBH9QECFWAT4',1,102,'Escazú','2026-05-19 20:09:47','06F43H2S28KNWX71TSF7MWWTA4'),
('01KS0XQNTQBN2TJ8XE1TYYZ4Y1',1,103,'Desamparados','2026-05-19 20:09:47','06F43H2S28KNWX71TSF7MWWTA4'),
('01KS0XQNTR4GRYV9TQT75EPAY5',1,104,'Puriscal','2026-05-19 20:09:47','06F43H2S28KNWX71TSF7MWWTA4'),
('01KS0XQNTSDV09QJ5JVWME0R71',1,105,'Tarrazú','2026-05-19 20:09:47','06F43H2S28KNWX71TSF7MWWTA4'),
('01KS0XQNTSDV09QJ5JVWME0R72',1,106,'Aserrí','2026-05-19 20:09:47','06F43H2S28KNWX71TSF7MWWTA4'),
('01KS0XQNTTZ8R8ZY4ZKEABG8DJ',1,107,'Mora','2026-05-19 20:09:47','06F43H2S28KNWX71TSF7MWWTA4'),
('01KS0XQNTVR4ZSHEW4SEGTE5KB',1,108,'Goicoechea','2026-05-19 20:09:47','06F43H2S28KNWX71TSF7MWWTA4'),
('01KS0XQNTVR4ZSHEW4SEGTE5KC',1,109,'Santa Ana','2026-05-19 20:09:47','06F43H2S28KNWX71TSF7MWWTA4'),
('01KS0XQNTW9KDWT7673XWCJHM8',1,110,'Alajuelita','2026-05-19 20:09:47','06F43H2S28KNWX71TSF7MWWTA4'),
('01KS0XQNTX3PJYQNY81SNMFTG1',1,111,'Vázquez de Coronado','2026-05-19 20:09:47','06F43H2S28KNWX71TSF7MWWTA4'),
('01KS0XQNTX3PJYQNY81SNMFTG2',1,112,'Acosta','2026-05-19 20:09:47','06F43H2S28KNWX71TSF7MWWTA4'),
('01KS0XQNTYE9NZV759WZF9RFC1',1,113,'Tibás','2026-05-19 20:09:47','06F43H2S28KNWX71TSF7MWWTA4'),
('01KS0XQNTYE9NZV759WZF9RFC2',1,114,'Moravia','2026-05-19 20:09:47','06F43H2S28KNWX71TSF7MWWTA4'),
('01KS0XQNTZB1GCVX799Y35K465',1,115,'Montes de Oca','2026-05-19 20:09:47','06F43H2S28KNWX71TSF7MWWTA4'),
('01KS0XQNTZB1GCVX799Y35K466',1,116,'Turrubares','2026-05-19 20:09:47','06F43H2S28KNWX71TSF7MWWTA4'),
('01KS0XQNV01BHA83W45XEVMPVW',1,117,'Dota','2026-05-19 20:09:47','06F43H2S28KNWX71TSF7MWWTA4'),
('01KS0XQNV01BHA83W45XEVMPVX',1,118,'Curridabat','2026-05-19 20:09:47','06F43H2S28KNWX71TSF7MWWTA4'),
('01KS0XQNV1XV3M88F7YCBSZDKF',1,119,'Pérez Zeledón','2026-05-19 20:09:47','06F43H2S28KNWX71TSF7MWWTA4'),
('01KS0XQNV2ZNH8J0HS49K0BDRD',1,120,'León Cortés Castro','2026-05-19 20:09:47','06F43H2S28KNWX71TSF7MWWTA4'),
('01KS0XQNV2ZNH8J0HS49K0BDRE',2,201,'Alajuela','2026-05-19 20:09:47','06F43H2S28KNWX71TSF7MWWTA4'),
('01KS0XQNV3G1HM0NCT6GQ1JR4P',2,202,'San Ramón','2026-05-19 20:09:47','06F43H2S28KNWX71TSF7MWWTA4'),
('01KS0XQNV3G1HM0NCT6GQ1JR4Q',2,203,'Grecia','2026-05-19 20:09:47','06F43H2S28KNWX71TSF7MWWTA4'),
('01KS0XQNV46RMYHSVSTGW7N1CC',2,204,'San Mateo','2026-05-19 20:09:47','06F43H2S28KNWX71TSF7MWWTA4'),
('01KS0XQNV46RMYHSVSTGW7N1CD',2,205,'Atenas','2026-05-19 20:09:47','06F43H2S28KNWX71TSF7MWWTA4'),
('01KS0XQNV54KYXRVVJGB0M8JVE',2,206,'Naranjo','2026-05-19 20:09:47','06F43H2S28KNWX71TSF7MWWTA4'),
('01KS0XQNV63TT8CCF69863VWJK',2,207,'Palmares','2026-05-19 20:09:47','06F43H2S28KNWX71TSF7MWWTA4'),
('01KS0XQNV63TT8CCF69863VWJM',2,208,'Poás','2026-05-19 20:09:47','06F43H2S28KNWX71TSF7MWWTA4'),
('01KS0XQNV782FP324SY5Z6HANW',2,209,'Orotina','2026-05-19 20:09:47','06F43H2S28KNWX71TSF7MWWTA4'),
('01KS0XQNV782FP324SY5Z6HANX',2,210,'San Carlos','2026-05-19 20:09:47','06F43H2S28KNWX71TSF7MWWTA4'),
('01KS0XQNV8NY2AGEQYQ0S5G6BY',2,211,'Zarcero','2026-05-19 20:09:47','06F43H2S28KNWX71TSF7MWWTA4'),
('01KS0XQNV8NY2AGEQYQ0S5G6BZ',2,212,'Sarchí','2026-05-19 20:09:47','06F43H2S28KNWX71TSF7MWWTA4'),
('01KS0XQNV9B4V0FDFTHZST61W0',2,213,'Upala','2026-05-19 20:09:47','06F43H2S28KNWX71TSF7MWWTA4'),
('01KS0XQNV9B4V0FDFTHZST61W1',2,214,'Los Chiles','2026-05-19 20:09:47','06F43H2S28KNWX71TSF7MWWTA4'),
('01KS0XQNVAR0ZPA2WBC6Z7FJVZ',2,215,'Guatuso','2026-05-19 20:09:47','06F43H2S28KNWX71TSF7MWWTA4'),
('01KS0XQNVAR0ZPA2WBC6Z7FJW0',2,216,'Río Cuarto','2026-05-19 20:09:47','06F43H2S28KNWX71TSF7MWWTA4'),
('01KS0XQNVBKAWJ0FRTRYBDEBZ1',3,301,'Cartago','2026-05-19 20:09:47','06F43H2S28KNWX71TSF7MWWTA4'),
('01KS0XQNVBKAWJ0FRTRYBDEBZ2',3,302,'Paraíso','2026-05-19 20:09:47','06F43H2S28KNWX71TSF7MWWTA4'),
('01KS0XQNVBKAWJ0FRTRYBDEBZ3',3,303,'La Unión','2026-05-19 20:09:47','06F43H2S28KNWX71TSF7MWWTA4'),
('01KS0XQNVCEWE88HG7V90GS4S7',3,304,'Jiménez','2026-05-19 20:09:47','06F43H2S28KNWX71TSF7MWWTA4'),
('01KS0XQNVCEWE88HG7V90GS4S8',3,305,'Turrialba','2026-05-19 20:09:47','06F43H2S28KNWX71TSF7MWWTA4'),
('01KS0XQNVDY5FDEDZVG8GY8KD2',3,306,'Alvarado','2026-05-19 20:09:47','06F43H2S28KNWX71TSF7MWWTA4'),
('01KS0XQNVDY5FDEDZVG8GY8KD3',3,307,'Oreamuno','2026-05-19 20:09:47','06F43H2S28KNWX71TSF7MWWTA4'),
('01KS0XQNVEXXQ3GY5BVP9HPTKR',3,308,'El Guarco','2026-05-19 20:09:47','06F43H2S28KNWX71TSF7MWWTA4'),
('01KS0XQNVFWZDR61F57XEZNF5F',4,401,'Heredia','2026-05-19 20:09:47','06F43H2S28KNWX71TSF7MWWTA4'),
('01KS0XQNVFWZDR61F57XEZNF5G',4,402,'Barva','2026-05-19 20:09:47','06F43H2S28KNWX71TSF7MWWTA4'),
('01KS0XQNVGJ3EYS67WC38QSVVG',4,403,'Santo Domingo','2026-05-19 20:09:47','06F43H2S28KNWX71TSF7MWWTA4'),
('01KS0XQNVGJ3EYS67WC38QSVVH',4,404,'Santa Bárbara','2026-05-19 20:09:47','06F43H2S28KNWX71TSF7MWWTA4'),
('01KS0XQNVH9YM5YTZKKY07AQ2F',4,405,'San Rafael','2026-05-19 20:09:47','06F43H2S28KNWX71TSF7MWWTA4'),
('01KS0XQNVH9YM5YTZKKY07AQ2G',4,406,'San Isidro','2026-05-19 20:09:47','06F43H2S28KNWX71TSF7MWWTA4'),
('01KS0XQNVJV88ZATP2QC44PMGG',4,407,'Belén','2026-05-19 20:09:47','06F43H2S28KNWX71TSF7MWWTA4'),
('01KS0XQNVJV88ZATP2QC44PMGH',4,408,'Flores','2026-05-19 20:09:47','06F43H2S28KNWX71TSF7MWWTA4'),
('01KS0XQNVJV88ZATP2QC44PMGJ',4,409,'San Pablo','2026-05-19 20:09:47','06F43H2S28KNWX71TSF7MWWTA4'),
('01KS0XQNVK588TMGR8256CG8S9',4,410,'Sarapiquí','2026-05-19 20:09:47','06F43H2S28KNWX71TSF7MWWTA4'),
('01KS0XQNVK588TMGR8256CG8SA',5,501,'Liberia','2026-05-19 20:09:47','06F43H2S28KNWX71TSF7MWWTA4'),
('01KS0XQNVMNAH4371FBCGRQVRD',5,502,'Nicoya','2026-05-19 20:09:47','06F43H2S28KNWX71TSF7MWWTA4'),
('01KS0XQNVMNAH4371FBCGRQVRE',5,503,'Santa Cruz','2026-05-19 20:09:47','06F43H2S28KNWX71TSF7MWWTA4'),
('01KS0XQNVMNAH4371FBCGRQVRF',5,504,'Bagaces','2026-05-19 20:09:47','06F43H2S28KNWX71TSF7MWWTA4'),
('01KS0XQNVNHZEE6MNG5CXHSCWR',5,505,'Carrillo','2026-05-19 20:09:47','06F43H2S28KNWX71TSF7MWWTA4'),
('01KS0XQNVNHZEE6MNG5CXHSCWS',5,506,'Cañas','2026-05-19 20:09:47','06F43H2S28KNWX71TSF7MWWTA4'),
('01KS0XQNVNHZEE6MNG5CXHSCWT',5,507,'Abangares','2026-05-19 20:09:47','06F43H2S28KNWX71TSF7MWWTA4'),
('01KS0XQNVPA0NMBMX70A97TCWP',5,508,'Tilarán','2026-05-19 20:09:47','06F43H2S28KNWX71TSF7MWWTA4'),
('01KS0XQNVPA0NMBMX70A97TCWQ',5,509,'Nandayure','2026-05-19 20:09:47','06F43H2S28KNWX71TSF7MWWTA4'),
('01KS0XQNVQR0W5TXVPCGCGT178',5,510,'La Cruz','2026-05-19 20:09:47','06F43H2S28KNWX71TSF7MWWTA4'),
('01KS0XQNVQR0W5TXVPCGCGT179',5,511,'Hojancha','2026-05-19 20:09:47','06F43H2S28KNWX71TSF7MWWTA4'),
('01KS0XQNVR3R7C946FBXCVC065',6,601,'Puntarenas','2026-05-19 20:09:47','06F43H2S28KNWX71TSF7MWWTA4'),
('01KS0XQNVR3R7C946FBXCVC066',6,602,'Esparza','2026-05-19 20:09:47','06F43H2S28KNWX71TSF7MWWTA4'),
('01KS0XQNVS4J2XYQB9KSZS3J1F',6,603,'Buenos Aires','2026-05-19 20:09:47','06F43H2S28KNWX71TSF7MWWTA4'),
('01KS0XQNVTG6231PCF6Y488KDJ',6,604,'Montes de Oro','2026-05-19 20:09:47','06F43H2S28KNWX71TSF7MWWTA4'),
('01KS0XQNVTG6231PCF6Y488KDK',6,605,'Osa','2026-05-19 20:09:47','06F43H2S28KNWX71TSF7MWWTA4'),
('01KS0XQNVVK7VK57AQ4F3XT5NX',6,606,'Quepos','2026-05-19 20:09:47','06F43H2S28KNWX71TSF7MWWTA4'),
('01KS0XQNVVK7VK57AQ4F3XT5NY',6,607,'Golfito','2026-05-19 20:09:47','06F43H2S28KNWX71TSF7MWWTA4'),
('01KS0XQNVW6JT7BBYC44V2RCDK',6,608,'Coto Brus','2026-05-19 20:09:47','06F43H2S28KNWX71TSF7MWWTA4'),
('01KS0XQNVW6JT7BBYC44V2RCDM',6,609,'Parrita','2026-05-19 20:09:47','06F43H2S28KNWX71TSF7MWWTA4'),
('01KS0XQNVX966ST6W5N9WZ624G',6,610,'Corredores','2026-05-19 20:09:47','06F43H2S28KNWX71TSF7MWWTA4'),
('01KS0XQNVX966ST6W5N9WZ624H',6,611,'Garabito','2026-05-19 20:09:47','06F43H2S28KNWX71TSF7MWWTA4'),
('01KS0XQNVY6WZB831MABVZK3CN',6,612,'Monteverde','2026-05-19 20:09:47','06F43H2S28KNWX71TSF7MWWTA4'),
('01KS0XQNVY6WZB831MABVZK3CP',6,613,'Puerto Jiménez','2026-05-19 20:09:47','06F43H2S28KNWX71TSF7MWWTA4'),
('01KS0XQNVZRCFJGY2H42KC4KP6',7,701,'Limón','2026-05-19 20:09:47','06F43H2S28KNWX71TSF7MWWTA4'),
('01KS0XQNVZRCFJGY2H42KC4KP7',7,702,'Pococí','2026-05-19 20:09:47','06F43H2S28KNWX71TSF7MWWTA4'),
('01KS0XQNVZRCFJGY2H42KC4KP8',7,703,'Siquirres','2026-05-19 20:09:47','06F43H2S28KNWX71TSF7MWWTA4'),
('01KS0XQNW05NMMXQAMEVPPRVFH',7,704,'Talamanca','2026-05-19 20:09:47','06F43H2S28KNWX71TSF7MWWTA4'),
('01KS0XQNW05NMMXQAMEVPPRVFJ',7,705,'Matina','2026-05-19 20:09:47','06F43H2S28KNWX71TSF7MWWTA4'),
('01KS0XQNW05NMMXQAMEVPPRVFK',7,706,'Guácimo','2026-05-19 20:09:47','06F43H2S28KNWX71TSF7MWWTA4');
/*!40000 ALTER TABLE `cantons` ENABLE KEYS */;
UNLOCK TABLES;
COMMIT;
SET AUTOCOMMIT=@OLD_AUTOCOMMIT;

--
-- Table structure for table `districts`
--

DROP TABLE IF EXISTS `districts`;
/*!40101 SET @saved_cs_client     = @@character_set_client */;
/*!40101 SET character_set_client = utf8mb4 */;
CREATE TABLE `districts` (
  `district_id` char(26) NOT NULL,
  `canton_snit_code` mediumint(9) unsigned NOT NULL,
  `district_snit_code` mediumint(9) unsigned NOT NULL,
  `district_name` varchar(55) NOT NULL,
  `created_at` timestamp NOT NULL DEFAULT current_timestamp(),
  `created_by` char(26) NOT NULL,
  PRIMARY KEY (`district_id`),
  UNIQUE KEY `unique_district_snit_code` (`district_snit_code`),
  KEY `fk_district_created_by` (`created_by`),
  KEY `fk_district_canton_snit_code` (`canton_snit_code`),
  CONSTRAINT `fk_district_canton_snit_code` FOREIGN KEY (`canton_snit_code`) REFERENCES `cantons` (`canton_snit_code`) ON DELETE CASCADE ON UPDATE CASCADE,
  CONSTRAINT `fk_district_created_by` FOREIGN KEY (`created_by`) REFERENCES `users` (`user_id`) ON DELETE NO ACTION ON UPDATE CASCADE
) ENGINE=InnoDB DEFAULT CHARSET=utf8mb4 COLLATE=utf8mb4_general_ci;
/*!40101 SET character_set_client = @saved_cs_client */;

--
-- Dumping data for table `districts`
--

SET @OLD_AUTOCOMMIT=@@AUTOCOMMIT, @@AUTOCOMMIT=0;
LOCK TABLES `districts` WRITE;
/*!40000 ALTER TABLE `districts` DISABLE KEYS */;
INSERT INTO `districts` VALUES
('01KS0XQNW1SJ7AD1F042FFGN1B',101,10101,'Carmen','2026-05-19 20:09:47','06F43H2S28KNWX71TSF7MWWTA4'),
('01KS0XQNW1SJ7AD1F042FFGN1C',101,10102,'Merced','2026-05-19 20:09:47','06F43H2S28KNWX71TSF7MWWTA4'),
('01KS0XQNW2HHWD6P81ASCVHYXW',101,10103,'Hospital','2026-05-19 20:09:47','06F43H2S28KNWX71TSF7MWWTA4'),
('01KS0XQNW3C342QAZ6RBM8B7FV',101,10104,'Catedral','2026-05-19 20:09:47','06F43H2S28KNWX71TSF7MWWTA4'),
('01KS0XQNW3C342QAZ6RBM8B7FW',101,10105,'Zapote','2026-05-19 20:09:47','06F43H2S28KNWX71TSF7MWWTA4'),
('01KS0XQNW3C342QAZ6RBM8B7FX',101,10106,'San Francisco de Dos Ríos','2026-05-19 20:09:47','06F43H2S28KNWX71TSF7MWWTA4'),
('01KS0XQNW4KM4HWJGKQS01X1Q7',101,10107,'Uruca','2026-05-19 20:09:47','06F43H2S28KNWX71TSF7MWWTA4'),
('01KS0XQNW4KM4HWJGKQS01X1Q8',101,10108,'Mata Redonda','2026-05-19 20:09:47','06F43H2S28KNWX71TSF7MWWTA4'),
('01KS0XQNW4KM4HWJGKQS01X1Q9',101,10109,'Pavas','2026-05-19 20:09:47','06F43H2S28KNWX71TSF7MWWTA4'),
('01KS0XQNW503W15KBA5EQ1P29F',101,10110,'Hatillo','2026-05-19 20:09:47','06F43H2S28KNWX71TSF7MWWTA4'),
('01KS0XQNW503W15KBA5EQ1P29G',101,10111,'San Sebastián','2026-05-19 20:09:47','06F43H2S28KNWX71TSF7MWWTA4'),
('01KS0XQNW503W15KBA5EQ1P29H',102,10201,'Escazú','2026-05-19 20:09:47','06F43H2S28KNWX71TSF7MWWTA4'),
('01KS0XQNW6F00FHRJQT0QE4TPK',102,10202,'San Antonio','2026-05-19 20:09:47','06F43H2S28KNWX71TSF7MWWTA4'),
('01KS0XQNW6F00FHRJQT0QE4TPM',102,10203,'San Rafael','2026-05-19 20:09:47','06F43H2S28KNWX71TSF7MWWTA4'),
('01KS0XQNW6F00FHRJQT0QE4TPN',103,10301,'Desamparados','2026-05-19 20:09:47','06F43H2S28KNWX71TSF7MWWTA4'),
('01KS0XQNW7ZM9JGTTGSV87WP94',103,10302,'San Miguel','2026-05-19 20:09:47','06F43H2S28KNWX71TSF7MWWTA4'),
('01KS0XQNW7ZM9JGTTGSV87WP95',103,10303,'San Juan de Dios','2026-05-19 20:09:47','06F43H2S28KNWX71TSF7MWWTA4'),
('01KS0XQNW8HWKJ9N775FQ24W2V',103,10304,'San Rafael Arriba','2026-05-19 20:09:47','06F43H2S28KNWX71TSF7MWWTA4'),
('01KS0XQNW8HWKJ9N775FQ24W2W',103,10305,'San Antonio','2026-05-19 20:09:47','06F43H2S28KNWX71TSF7MWWTA4'),
('01KS0XQNW8HWKJ9N775FQ24W2X',103,10306,'Frailes','2026-05-19 20:09:47','06F43H2S28KNWX71TSF7MWWTA4'),
('01KS0XQNW9A7M4GNENP6AE47JP',103,10307,'Patarrá','2026-05-19 20:09:47','06F43H2S28KNWX71TSF7MWWTA4'),
('01KS0XQNW9A7M4GNENP6AE47JQ',103,10308,'San Cristobal','2026-05-19 20:09:47','06F43H2S28KNWX71TSF7MWWTA4'),
('01KS0XQNW9A7M4GNENP6AE47JR',103,10309,'Rosario','2026-05-19 20:09:47','06F43H2S28KNWX71TSF7MWWTA4'),
('01KS0XQNWAB22GFFAKKMNNG0PB',103,10310,'Damas','2026-05-19 20:09:47','06F43H2S28KNWX71TSF7MWWTA4'),
('01KS0XQNWAB22GFFAKKMNNG0PC',103,10311,'San Rafael Abajo','2026-05-19 20:09:47','06F43H2S28KNWX71TSF7MWWTA4'),
('01KS0XQNWAB22GFFAKKMNNG0PD',103,10312,'Gravilias','2026-05-19 20:09:47','06F43H2S28KNWX71TSF7MWWTA4'),
('01KS0XQNWB50T0FX1GG4ZZ3SSD',103,10313,'Los Guido','2026-05-19 20:09:47','06F43H2S28KNWX71TSF7MWWTA4'),
('01KS0XQNWB50T0FX1GG4ZZ3SSE',104,10401,'Santiago','2026-05-19 20:09:47','06F43H2S28KNWX71TSF7MWWTA4'),
('01KS0XQNWB50T0FX1GG4ZZ3SSF',104,10402,'Mercedes Sur','2026-05-19 20:09:47','06F43H2S28KNWX71TSF7MWWTA4'),
('01KS0XQNWCK89S17ZDYZXX5PPQ',104,10403,'Barbacoas','2026-05-19 20:09:47','06F43H2S28KNWX71TSF7MWWTA4'),
('01KS0XQNWCK89S17ZDYZXX5PPR',104,10404,'Grifo Alto','2026-05-19 20:09:47','06F43H2S28KNWX71TSF7MWWTA4'),
('01KS0XQNWDF1BTKQ9TPT88E2RN',104,10405,'San Rafael','2026-05-19 20:09:47','06F43H2S28KNWX71TSF7MWWTA4'),
('01KS0XQNWDF1BTKQ9TPT88E2RP',104,10406,'Candelarita','2026-05-19 20:09:47','06F43H2S28KNWX71TSF7MWWTA4'),
('01KS0XQNWDF1BTKQ9TPT88E2RQ',104,10407,'Desamparaditos','2026-05-19 20:09:47','06F43H2S28KNWX71TSF7MWWTA4'),
('01KS0XQNWENWAK8425Z4F80KXA',104,10408,'San Antonio','2026-05-19 20:09:47','06F43H2S28KNWX71TSF7MWWTA4'),
('01KS0XQNWENWAK8425Z4F80KXB',104,10409,'Chires','2026-05-19 20:09:47','06F43H2S28KNWX71TSF7MWWTA4'),
('01KS0XQNWFR47VCKXP4MGQMY5N',105,10501,'San Marcos','2026-05-19 20:09:47','06F43H2S28KNWX71TSF7MWWTA4'),
('01KS0XQNWFR47VCKXP4MGQMY5P',105,10502,'San Lorenzo','2026-05-19 20:09:47','06F43H2S28KNWX71TSF7MWWTA4'),
('01KS0XQNWFR47VCKXP4MGQMY5Q',105,10503,'San Carlos','2026-05-19 20:09:47','06F43H2S28KNWX71TSF7MWWTA4'),
('01KS0XQNWG2WABDKVAAEQHHEHY',106,10601,'Aserrí','2026-05-19 20:09:47','06F43H2S28KNWX71TSF7MWWTA4'),
('01KS0XQNWG2WABDKVAAEQHHEHZ',106,10602,'Tarbaca','2026-05-19 20:09:47','06F43H2S28KNWX71TSF7MWWTA4'),
('01KS0XQNWG2WABDKVAAEQHHEJ0',106,10603,'Vuelta de Jorco','2026-05-19 20:09:47','06F43H2S28KNWX71TSF7MWWTA4'),
('01KS0XQNWHCJ0V1N9HJMJMSC1N',106,10604,'San Gabriel','2026-05-19 20:09:47','06F43H2S28KNWX71TSF7MWWTA4'),
('01KS0XQNWHCJ0V1N9HJMJMSC1P',106,10605,'Legua','2026-05-19 20:09:47','06F43H2S28KNWX71TSF7MWWTA4'),
('01KS0XQNWHCJ0V1N9HJMJMSC1Q',106,10606,'Monterrey','2026-05-19 20:09:47','06F43H2S28KNWX71TSF7MWWTA4'),
('01KS0XQNWJ9V0F97MH8MF7DHE9',106,10607,'Salitrillos','2026-05-19 20:09:47','06F43H2S28KNWX71TSF7MWWTA4'),
('01KS0XQNWJ9V0F97MH8MF7DHEA',107,10701,'Colón','2026-05-19 20:09:47','06F43H2S28KNWX71TSF7MWWTA4'),
('01KS0XQNWJ9V0F97MH8MF7DHEB',107,10702,'Guayabo','2026-05-19 20:09:47','06F43H2S28KNWX71TSF7MWWTA4'),
('01KS0XQNWKP2Q349C1G6B15VSQ',107,10703,'Tabarcia','2026-05-19 20:09:47','06F43H2S28KNWX71TSF7MWWTA4'),
('01KS0XQNWKP2Q349C1G6B15VSR',107,10704,'Piedras Negras','2026-05-19 20:09:47','06F43H2S28KNWX71TSF7MWWTA4'),
('01KS0XQNWKP2Q349C1G6B15VSS',107,10705,'Picagres','2026-05-19 20:09:47','06F43H2S28KNWX71TSF7MWWTA4'),
('01KS0XQNWMHJ2EVMMKJMAE4XD0',107,10706,'Jaris','2026-05-19 20:09:47','06F43H2S28KNWX71TSF7MWWTA4'),
('01KS0XQNWMHJ2EVMMKJMAE4XD1',107,10707,'Quitirrisí','2026-05-19 20:09:47','06F43H2S28KNWX71TSF7MWWTA4'),
('01KS0XQNWMHJ2EVMMKJMAE4XD2',108,10801,'Guadalupe','2026-05-19 20:09:47','06F43H2S28KNWX71TSF7MWWTA4'),
('01KS0XQNWNV36JMGCCE6E2ZQVE',108,10802,'San Francisco','2026-05-19 20:09:47','06F43H2S28KNWX71TSF7MWWTA4'),
('01KS0XQNWNV36JMGCCE6E2ZQVF',108,10803,'Calle Blancos','2026-05-19 20:09:47','06F43H2S28KNWX71TSF7MWWTA4'),
('01KS0XQNWNV36JMGCCE6E2ZQVG',108,10804,'Mata de Plátano','2026-05-19 20:09:47','06F43H2S28KNWX71TSF7MWWTA4'),
('01KS0XQNWNV36JMGCCE6E2ZQVH',108,10805,'Ipís','2026-05-19 20:09:47','06F43H2S28KNWX71TSF7MWWTA4'),
('01KS0XQNWPQHKZQP6NQ3SK2XZ9',108,10806,'Rancho Redondo','2026-05-19 20:09:47','06F43H2S28KNWX71TSF7MWWTA4'),
('01KS0XQNWPQHKZQP6NQ3SK2XZA',108,10807,'Purral','2026-05-19 20:09:47','06F43H2S28KNWX71TSF7MWWTA4'),
('01KS0XQNWPQHKZQP6NQ3SK2XZB',109,10901,'Santa Ana','2026-05-19 20:09:47','06F43H2S28KNWX71TSF7MWWTA4'),
('01KS0XQNWQX2GCXDBQTG7M4QBP',109,10902,'Salitral','2026-05-19 20:09:47','06F43H2S28KNWX71TSF7MWWTA4'),
('01KS0XQNWQX2GCXDBQTG7M4QBQ',109,10903,'Pozos','2026-05-19 20:09:47','06F43H2S28KNWX71TSF7MWWTA4'),
('01KS0XQNWQX2GCXDBQTG7M4QBR',109,10904,'Uruca','2026-05-19 20:09:47','06F43H2S28KNWX71TSF7MWWTA4'),
('01KS0XQNWR67DPESHH4PBZZ0QR',109,10905,'Piedades','2026-05-19 20:09:47','06F43H2S28KNWX71TSF7MWWTA4'),
('01KS0XQNWR67DPESHH4PBZZ0QS',109,10906,'Brasil','2026-05-19 20:09:47','06F43H2S28KNWX71TSF7MWWTA4'),
('01KS0XQNWR67DPESHH4PBZZ0QT',110,11001,'Alajuelita','2026-05-19 20:09:47','06F43H2S28KNWX71TSF7MWWTA4'),
('01KS0XQNWSMRF1C59DWD43AQR2',110,11002,'San Josecito','2026-05-19 20:09:47','06F43H2S28KNWX71TSF7MWWTA4'),
('01KS0XQNWSMRF1C59DWD43AQR3',110,11003,'San Antonio','2026-05-19 20:09:47','06F43H2S28KNWX71TSF7MWWTA4'),
('01KS0XQNWSMRF1C59DWD43AQR4',110,11004,'Concepción','2026-05-19 20:09:47','06F43H2S28KNWX71TSF7MWWTA4'),
('01KS0XQNWT1D5P416G36G57AG0',110,11005,'San Felipe','2026-05-19 20:09:47','06F43H2S28KNWX71TSF7MWWTA4'),
('01KS0XQNWT1D5P416G36G57AG1',111,11101,'San Isidro','2026-05-19 20:09:47','06F43H2S28KNWX71TSF7MWWTA4'),
('01KS0XQNWT1D5P416G36G57AG2',111,11102,'San Rafael','2026-05-19 20:09:47','06F43H2S28KNWX71TSF7MWWTA4'),
('01KS0XQNWVSR8M2233F2751F89',111,11103,'Dulce Nombre de Jesús','2026-05-19 20:09:47','06F43H2S28KNWX71TSF7MWWTA4'),
('01KS0XQNWVSR8M2233F2751F8A',111,11104,'Patalillo','2026-05-19 20:09:47','06F43H2S28KNWX71TSF7MWWTA4'),
('01KS0XQNWVSR8M2233F2751F8B',111,11105,'Cascajal','2026-05-19 20:09:47','06F43H2S28KNWX71TSF7MWWTA4'),
('01KS0XQNWWHZNYHQ236Z156XKZ',112,11201,'San Ignacio','2026-05-19 20:09:47','06F43H2S28KNWX71TSF7MWWTA4'),
('01KS0XQNWWHZNYHQ236Z156XM0',112,11202,'Guaitil','2026-05-19 20:09:47','06F43H2S28KNWX71TSF7MWWTA4'),
('01KS0XQNWWHZNYHQ236Z156XM1',112,11203,'Palmichal','2026-05-19 20:09:47','06F43H2S28KNWX71TSF7MWWTA4'),
('01KS0XQNWWHZNYHQ236Z156XM2',112,11204,'Cangrejal','2026-05-19 20:09:47','06F43H2S28KNWX71TSF7MWWTA4'),
('01KS0XQNWX3J89BF2FFFDESDDP',112,11205,'Sabanillas','2026-05-19 20:09:47','06F43H2S28KNWX71TSF7MWWTA4'),
('01KS0XQNWX3J89BF2FFFDESDDQ',113,11301,'San Juan','2026-05-19 20:09:47','06F43H2S28KNWX71TSF7MWWTA4'),
('01KS0XQNWX3J89BF2FFFDESDDR',113,11302,'Cinco Esquinas','2026-05-19 20:09:47','06F43H2S28KNWX71TSF7MWWTA4'),
('01KS0XQNWYF8GETX84WQ4HFVD0',113,11303,'Anselmo Llorente','2026-05-19 20:09:47','06F43H2S28KNWX71TSF7MWWTA4'),
('01KS0XQNWYF8GETX84WQ4HFVD1',113,11304,'León XIII','2026-05-19 20:09:47','06F43H2S28KNWX71TSF7MWWTA4'),
('01KS0XQNWYF8GETX84WQ4HFVD2',113,11305,'Colima','2026-05-19 20:09:47','06F43H2S28KNWX71TSF7MWWTA4'),
('01KS0XQNWZ8H616B35S137HYXZ',114,11401,'San Vicente','2026-05-19 20:09:47','06F43H2S28KNWX71TSF7MWWTA4'),
('01KS0XQNWZ8H616B35S137HYY0',114,11402,'San Jerónimo','2026-05-19 20:09:47','06F43H2S28KNWX71TSF7MWWTA4'),
('01KS0XQNWZ8H616B35S137HYY1',114,11403,'La Trinidad','2026-05-19 20:09:47','06F43H2S28KNWX71TSF7MWWTA4'),
('01KS0XQNX0GFA4FYEKR4677SCP',115,11501,'San Pedro','2026-05-19 20:09:47','06F43H2S28KNWX71TSF7MWWTA4'),
('01KS0XQNX0GFA4FYEKR4677SCQ',115,11502,'Sabanilla','2026-05-19 20:09:47','06F43H2S28KNWX71TSF7MWWTA4'),
('01KS0XQNX0GFA4FYEKR4677SCR',115,11503,'Mercedes','2026-05-19 20:09:47','06F43H2S28KNWX71TSF7MWWTA4'),
('01KS0XQNX0GFA4FYEKR4677SCS',115,11504,'San Rafael','2026-05-19 20:09:47','06F43H2S28KNWX71TSF7MWWTA4'),
('01KS0XQNX1HZRDDM549QWEW8TR',116,11601,'San Pablo','2026-05-19 20:09:47','06F43H2S28KNWX71TSF7MWWTA4'),
('01KS0XQNX1HZRDDM549QWEW8TS',116,11602,'San Pedro','2026-05-19 20:09:47','06F43H2S28KNWX71TSF7MWWTA4'),
('01KS0XQNX1HZRDDM549QWEW8TT',116,11603,'San Juan de Mata','2026-05-19 20:09:47','06F43H2S28KNWX71TSF7MWWTA4'),
('01KS0XQNX24EBY1V34CCAN75YD',116,11604,'San Luis','2026-05-19 20:09:47','06F43H2S28KNWX71TSF7MWWTA4'),
('01KS0XQNX24EBY1V34CCAN75YE',116,11605,'Carara','2026-05-19 20:09:47','06F43H2S28KNWX71TSF7MWWTA4'),
('01KS0XQNX24EBY1V34CCAN75YF',117,11701,'Santa María','2026-05-19 20:09:47','06F43H2S28KNWX71TSF7MWWTA4'),
('01KS0XQNX3HHVH09ZG3CZMT370',117,11702,'Jardín','2026-05-19 20:09:47','06F43H2S28KNWX71TSF7MWWTA4'),
('01KS0XQNX3HHVH09ZG3CZMT371',117,11703,'Copey','2026-05-19 20:09:47','06F43H2S28KNWX71TSF7MWWTA4'),
('01KS0XQNX3HHVH09ZG3CZMT372',118,11801,'Curridabat','2026-05-19 20:09:47','06F43H2S28KNWX71TSF7MWWTA4'),
('01KS0XQNX49YS1AEZG79BZXQFJ',118,11802,'Granadilla','2026-05-19 20:09:47','06F43H2S28KNWX71TSF7MWWTA4'),
('01KS0XQNX49YS1AEZG79BZXQFK',118,11803,'Sánchez','2026-05-19 20:09:47','06F43H2S28KNWX71TSF7MWWTA4'),
('01KS0XQNX49YS1AEZG79BZXQFM',118,11804,'Tirrases','2026-05-19 20:09:47','06F43H2S28KNWX71TSF7MWWTA4'),
('01KS0XQNX52V2DPAZHKTJZCT8Z',119,11901,'San Isidro de El General','2026-05-19 20:09:47','06F43H2S28KNWX71TSF7MWWTA4'),
('01KS0XQNX52V2DPAZHKTJZCT90',119,11902,'El General','2026-05-19 20:09:47','06F43H2S28KNWX71TSF7MWWTA4'),
('01KS0XQNX6MN6KK189KP7T1YTF',119,11903,'Daniel Flores','2026-05-19 20:09:47','06F43H2S28KNWX71TSF7MWWTA4'),
('01KS0XQNX6MN6KK189KP7T1YTG',119,11904,'Rivas','2026-05-19 20:09:47','06F43H2S28KNWX71TSF7MWWTA4'),
('01KS0XQNX6MN6KK189KP7T1YTH',119,11905,'San Pedro','2026-05-19 20:09:47','06F43H2S28KNWX71TSF7MWWTA4'),
('01KS0XQNX7N9WVAKKN8V7EH5T7',119,11906,'Platanares','2026-05-19 20:09:47','06F43H2S28KNWX71TSF7MWWTA4'),
('01KS0XQNX7N9WVAKKN8V7EH5T8',119,11907,'Pejivalle','2026-05-19 20:09:47','06F43H2S28KNWX71TSF7MWWTA4'),
('01KS0XQNX7N9WVAKKN8V7EH5T9',119,11908,'Cajón','2026-05-19 20:09:47','06F43H2S28KNWX71TSF7MWWTA4'),
('01KS0XQNX8RMQ217S6D0SYR8FM',119,11909,'Barú','2026-05-19 20:09:47','06F43H2S28KNWX71TSF7MWWTA4'),
('01KS0XQNX8RMQ217S6D0SYR8FN',119,11910,'Río Nuevo','2026-05-19 20:09:47','06F43H2S28KNWX71TSF7MWWTA4'),
('01KS0XQNX9931YK1XVY7B8ZCZM',119,11911,'Páramo','2026-05-19 20:09:47','06F43H2S28KNWX71TSF7MWWTA4'),
('01KS0XQNXAQG20DV3E4DFJXFPH',119,11912,'La  Amistad','2026-05-19 20:09:47','06F43H2S28KNWX71TSF7MWWTA4'),
('01KS0XQNXAQG20DV3E4DFJXFPJ',120,12001,'San Pablo','2026-05-19 20:09:47','06F43H2S28KNWX71TSF7MWWTA4'),
('01KS0XQNXAQG20DV3E4DFJXFPK',120,12002,'San Andrés','2026-05-19 20:09:47','06F43H2S28KNWX71TSF7MWWTA4'),
('01KS0XQNXBZAE0Z2BB6FWV17NH',120,12003,'Llano Bonito','2026-05-19 20:09:47','06F43H2S28KNWX71TSF7MWWTA4'),
('01KS0XQNXBZAE0Z2BB6FWV17NJ',120,12004,'San Isidro','2026-05-19 20:09:47','06F43H2S28KNWX71TSF7MWWTA4'),
('01KS0XQNXC58H44QWPRJZSPNGT',120,12005,'Santa Cruz','2026-05-19 20:09:47','06F43H2S28KNWX71TSF7MWWTA4'),
('01KS0XQNXC58H44QWPRJZSPNGV',120,12006,'San Antonio','2026-05-19 20:09:47','06F43H2S28KNWX71TSF7MWWTA4'),
('01KS0XQNXC58H44QWPRJZSPNGW',201,20101,'Alajuela','2026-05-19 20:09:47','06F43H2S28KNWX71TSF7MWWTA4'),
('01KS0XQNXDKYN01QVR1EJ788YA',201,20102,'San José','2026-05-19 20:09:47','06F43H2S28KNWX71TSF7MWWTA4'),
('01KS0XQNXDKYN01QVR1EJ788YB',201,20103,'Carrizal','2026-05-19 20:09:47','06F43H2S28KNWX71TSF7MWWTA4'),
('01KS0XQNXDKYN01QVR1EJ788YC',201,20104,'San Antonio','2026-05-19 20:09:47','06F43H2S28KNWX71TSF7MWWTA4'),
('01KS0XQNXEZRB80ED082GVXVAT',201,20105,'Guácima','2026-05-19 20:09:47','06F43H2S28KNWX71TSF7MWWTA4'),
('01KS0XQNXEZRB80ED082GVXVAV',201,20106,'San Isidro','2026-05-19 20:09:47','06F43H2S28KNWX71TSF7MWWTA4'),
('01KS0XQNXEZRB80ED082GVXVAW',201,20107,'Sabanilla','2026-05-19 20:09:47','06F43H2S28KNWX71TSF7MWWTA4'),
('01KS0XQNXFB70G737N663XF0QP',201,20108,'San Rafael','2026-05-19 20:09:47','06F43H2S28KNWX71TSF7MWWTA4'),
('01KS0XQNXFB70G737N663XF0QQ',201,20109,'Río Segundo','2026-05-19 20:09:47','06F43H2S28KNWX71TSF7MWWTA4'),
('01KS0XQNXGHC3RSV7ZYXMN52J4',201,20110,'Desamparados','2026-05-19 20:09:47','06F43H2S28KNWX71TSF7MWWTA4'),
('01KS0XQNXGHC3RSV7ZYXMN52J5',201,20111,'Turrúcares','2026-05-19 20:09:47','06F43H2S28KNWX71TSF7MWWTA4'),
('01KS0XQNXGHC3RSV7ZYXMN52J6',201,20112,'Tambor','2026-05-19 20:09:47','06F43H2S28KNWX71TSF7MWWTA4'),
('01KS0XQNXH5RXBPP4ADF6BHY7G',201,20113,'Garita','2026-05-19 20:09:47','06F43H2S28KNWX71TSF7MWWTA4'),
('01KS0XQNXH5RXBPP4ADF6BHY7H',201,20114,'Sarapiquí','2026-05-19 20:09:47','06F43H2S28KNWX71TSF7MWWTA4'),
('01KS0XQNXH5RXBPP4ADF6BHY7J',202,20201,'San Ramón','2026-05-19 20:09:47','06F43H2S28KNWX71TSF7MWWTA4'),
('01KS0XQNXJASPVY3KCQY80HCZ7',202,20202,'Santiago','2026-05-19 20:09:47','06F43H2S28KNWX71TSF7MWWTA4'),
('01KS0XQNXJASPVY3KCQY80HCZ8',202,20203,'San Juan','2026-05-19 20:09:47','06F43H2S28KNWX71TSF7MWWTA4'),
('01KS0XQNXJASPVY3KCQY80HCZ9',202,20204,'Piedades Norte','2026-05-19 20:09:47','06F43H2S28KNWX71TSF7MWWTA4'),
('01KS0XQNXK9B9D7AYCY0RJYFTZ',202,20205,'Piedades Sur','2026-05-19 20:09:47','06F43H2S28KNWX71TSF7MWWTA4'),
('01KS0XQNXK9B9D7AYCY0RJYFV0',202,20206,'San Rafael','2026-05-19 20:09:47','06F43H2S28KNWX71TSF7MWWTA4'),
('01KS0XQNXK9B9D7AYCY0RJYFV1',202,20207,'San Isidro','2026-05-19 20:09:47','06F43H2S28KNWX71TSF7MWWTA4'),
('01KS0XQNXMAEN9VNYQZ9EK6A64',202,20208,'Ángeles','2026-05-19 20:09:47','06F43H2S28KNWX71TSF7MWWTA4'),
('01KS0XQNXMAEN9VNYQZ9EK6A65',202,20209,'Alfaro','2026-05-19 20:09:47','06F43H2S28KNWX71TSF7MWWTA4'),
('01KS0XQNXMAEN9VNYQZ9EK6A66',202,20210,'Volio','2026-05-19 20:09:47','06F43H2S28KNWX71TSF7MWWTA4'),
('01KS0XQNXNQZRBZT3SGJ8B44RZ',202,20211,'Concepción','2026-05-19 20:09:47','06F43H2S28KNWX71TSF7MWWTA4'),
('01KS0XQNXNQZRBZT3SGJ8B44S0',202,20212,'Zapotal','2026-05-19 20:09:47','06F43H2S28KNWX71TSF7MWWTA4'),
('01KS0XQNXNQZRBZT3SGJ8B44S1',202,20213,'Peñas Blancas','2026-05-19 20:09:47','06F43H2S28KNWX71TSF7MWWTA4'),
('01KS0XQNXPEPEGZQK9SDEY4CEE',202,20214,'San Lorenzo','2026-05-19 20:09:47','06F43H2S28KNWX71TSF7MWWTA4'),
('01KS0XQNXPEPEGZQK9SDEY4CEF',203,20301,'Grecia','2026-05-19 20:09:47','06F43H2S28KNWX71TSF7MWWTA4'),
('01KS0XQNXPEPEGZQK9SDEY4CEG',203,20302,'San Isidro','2026-05-19 20:09:47','06F43H2S28KNWX71TSF7MWWTA4'),
('01KS0XQNXQK22ZA8PBYEC6K0AC',203,20303,'San José','2026-05-19 20:09:47','06F43H2S28KNWX71TSF7MWWTA4'),
('01KS0XQNXQK22ZA8PBYEC6K0AD',203,20304,'San Roque','2026-05-19 20:09:47','06F43H2S28KNWX71TSF7MWWTA4'),
('01KS0XQNXQK22ZA8PBYEC6K0AE',203,20305,'Tacares','2026-05-19 20:09:47','06F43H2S28KNWX71TSF7MWWTA4'),
('01KS0XQNXRFZWK59C139DZ19QV',203,20307,'Puente de Piedra','2026-05-19 20:09:47','06F43H2S28KNWX71TSF7MWWTA4'),
('01KS0XQNXRFZWK59C139DZ19QW',203,20308,'Bolivar','2026-05-19 20:09:47','06F43H2S28KNWX71TSF7MWWTA4'),
('01KS0XQNXRFZWK59C139DZ19QX',204,20401,'San Mateo','2026-05-19 20:09:47','06F43H2S28KNWX71TSF7MWWTA4'),
('01KS0XQNXSYFAT61Q9JY426Y26',204,20402,'Desmonte','2026-05-19 20:09:47','06F43H2S28KNWX71TSF7MWWTA4'),
('01KS0XQNXSYFAT61Q9JY426Y27',204,20403,'Jesús María','2026-05-19 20:09:47','06F43H2S28KNWX71TSF7MWWTA4'),
('01KS0XQNXSYFAT61Q9JY426Y28',204,20404,'Labrador','2026-05-19 20:09:47','06F43H2S28KNWX71TSF7MWWTA4'),
('01KS0XQNXTESMSTKJ2DGGE9AEJ',205,20501,'Atenas','2026-05-19 20:09:47','06F43H2S28KNWX71TSF7MWWTA4'),
('01KS0XQNXTESMSTKJ2DGGE9AEK',205,20502,'Jesús','2026-05-19 20:09:47','06F43H2S28KNWX71TSF7MWWTA4'),
('01KS0XQNXTESMSTKJ2DGGE9AEM',205,20503,'Mercedes','2026-05-19 20:09:47','06F43H2S28KNWX71TSF7MWWTA4'),
('01KS0XQNXVXBD3FG3DKFKVHM0Z',205,20504,'San Isidro','2026-05-19 20:09:47','06F43H2S28KNWX71TSF7MWWTA4'),
('01KS0XQNXVXBD3FG3DKFKVHM10',205,20505,'Concepción','2026-05-19 20:09:47','06F43H2S28KNWX71TSF7MWWTA4'),
('01KS0XQNXVXBD3FG3DKFKVHM11',205,20506,'San José','2026-05-19 20:09:47','06F43H2S28KNWX71TSF7MWWTA4'),
('01KS0XQNXWJZHG62ANZS5V6G03',205,20507,'Santa Eulalia','2026-05-19 20:09:47','06F43H2S28KNWX71TSF7MWWTA4'),
('01KS0XQNXWJZHG62ANZS5V6G04',205,20508,'Escobal','2026-05-19 20:09:47','06F43H2S28KNWX71TSF7MWWTA4'),
('01KS0XQNXWJZHG62ANZS5V6G05',206,20601,'Naranjo','2026-05-19 20:09:47','06F43H2S28KNWX71TSF7MWWTA4'),
('01KS0XQNXXXTY6JWW19MFDEPH5',206,20602,'San Miguel','2026-05-19 20:09:47','06F43H2S28KNWX71TSF7MWWTA4'),
('01KS0XQNXXXTY6JWW19MFDEPH6',206,20603,'San José','2026-05-19 20:09:47','06F43H2S28KNWX71TSF7MWWTA4'),
('01KS0XQNXY708DEC0M5QRAEVXB',206,20604,'Cirrí Sur','2026-05-19 20:09:47','06F43H2S28KNWX71TSF7MWWTA4'),
('01KS0XQNXY708DEC0M5QRAEVXC',206,20605,'San Jerónimo','2026-05-19 20:09:47','06F43H2S28KNWX71TSF7MWWTA4'),
('01KS0XQNXZRZPP5P93WHTXH5F2',206,20606,'San Juan','2026-05-19 20:09:47','06F43H2S28KNWX71TSF7MWWTA4'),
('01KS0XQNXZRZPP5P93WHTXH5F3',206,20607,'El Rosario','2026-05-19 20:09:47','06F43H2S28KNWX71TSF7MWWTA4'),
('01KS0XQNXZRZPP5P93WHTXH5F4',206,20608,'Palmitos','2026-05-19 20:09:47','06F43H2S28KNWX71TSF7MWWTA4'),
('01KS0XQNY0KEXMSTD9PWHMXGAV',207,20701,'Palmares','2026-05-19 20:09:47','06F43H2S28KNWX71TSF7MWWTA4'),
('01KS0XQNY0KEXMSTD9PWHMXGAW',207,20702,'Zaragoza','2026-05-19 20:09:47','06F43H2S28KNWX71TSF7MWWTA4'),
('01KS0XQNY18DSYEMEQXSD6D40F',207,20703,'Buenos Aires','2026-05-19 20:09:47','06F43H2S28KNWX71TSF7MWWTA4'),
('01KS0XQNY18DSYEMEQXSD6D40G',207,20704,'Santiago','2026-05-19 20:09:47','06F43H2S28KNWX71TSF7MWWTA4'),
('01KS0XQNY2XDBMK1P3WXNRB398',207,20705,'Candelaria','2026-05-19 20:09:47','06F43H2S28KNWX71TSF7MWWTA4'),
('01KS0XQNY2XDBMK1P3WXNRB399',207,20706,'Esquipulas','2026-05-19 20:09:47','06F43H2S28KNWX71TSF7MWWTA4'),
('01KS0XQNY2XDBMK1P3WXNRB39A',207,20707,'La Granja','2026-05-19 20:09:47','06F43H2S28KNWX71TSF7MWWTA4'),
('01KS0XQNY3Y0MNRRPAVPVN4MNH',208,20801,'San Pedro','2026-05-19 20:09:47','06F43H2S28KNWX71TSF7MWWTA4'),
('01KS0XQNY3Y0MNRRPAVPVN4MNJ',208,20802,'San Juan','2026-05-19 20:09:47','06F43H2S28KNWX71TSF7MWWTA4'),
('01KS0XQNY3Y0MNRRPAVPVN4MNK',208,20803,'San Rafael','2026-05-19 20:09:47','06F43H2S28KNWX71TSF7MWWTA4'),
('01KS0XQNY4PE2M8WTVZKCNYH0G',208,20804,'Carrillos','2026-05-19 20:09:47','06F43H2S28KNWX71TSF7MWWTA4'),
('01KS0XQNY4PE2M8WTVZKCNYH0H',208,20805,'Sabana Redonda','2026-05-19 20:09:47','06F43H2S28KNWX71TSF7MWWTA4'),
('01KS0XQNY4PE2M8WTVZKCNYH0J',209,20901,'Orotina','2026-05-19 20:09:47','06F43H2S28KNWX71TSF7MWWTA4'),
('01KS0XQNY5B9AFQ09BHYX31M07',209,20902,'El Mastate','2026-05-19 20:09:47','06F43H2S28KNWX71TSF7MWWTA4'),
('01KS0XQNY5B9AFQ09BHYX31M08',209,20903,'Hacienda Vieja','2026-05-19 20:09:47','06F43H2S28KNWX71TSF7MWWTA4'),
('01KS0XQNY5B9AFQ09BHYX31M09',209,20904,'Coyolar','2026-05-19 20:09:47','06F43H2S28KNWX71TSF7MWWTA4'),
('01KS0XQNY6FEB576BFRQEH0BR0',209,20905,'La Ceiba','2026-05-19 20:09:47','06F43H2S28KNWX71TSF7MWWTA4'),
('01KS0XQNY6FEB576BFRQEH0BR1',210,21001,'Quesada','2026-05-19 20:09:47','06F43H2S28KNWX71TSF7MWWTA4'),
('01KS0XQNY6FEB576BFRQEH0BR2',210,21002,'Florencia','2026-05-19 20:09:47','06F43H2S28KNWX71TSF7MWWTA4'),
('01KS0XQNY745Y9AAPJMRVXBE74',210,21003,'Buenavista','2026-05-19 20:09:47','06F43H2S28KNWX71TSF7MWWTA4'),
('01KS0XQNY745Y9AAPJMRVXBE75',210,21004,'Aguas Zarcas','2026-05-19 20:09:47','06F43H2S28KNWX71TSF7MWWTA4'),
('01KS0XQNY745Y9AAPJMRVXBE76',210,21005,'Venecia','2026-05-19 20:09:47','06F43H2S28KNWX71TSF7MWWTA4'),
('01KS0XQNY8FW78SHWB6K97DAHF',210,21006,'Pital','2026-05-19 20:09:47','06F43H2S28KNWX71TSF7MWWTA4'),
('01KS0XQNY8FW78SHWB6K97DAHG',210,21007,'La Fortuna','2026-05-19 20:09:47','06F43H2S28KNWX71TSF7MWWTA4'),
('01KS0XQNY8FW78SHWB6K97DAHH',210,21008,'La Tigra','2026-05-19 20:09:47','06F43H2S28KNWX71TSF7MWWTA4'),
('01KS0XQNY9B9BCBBFN1T9685ZY',210,21009,'La Palmera','2026-05-19 20:09:47','06F43H2S28KNWX71TSF7MWWTA4'),
('01KS0XQNY9B9BCBBFN1T9685ZZ',210,21010,'Venado','2026-05-19 20:09:47','06F43H2S28KNWX71TSF7MWWTA4'),
('01KS0XQNY9B9BCBBFN1T968600',210,21011,'Cutris','2026-05-19 20:09:47','06F43H2S28KNWX71TSF7MWWTA4'),
('01KS0XQNYA9SPN3YPVQ8JP3Z5H',210,21012,'Monterrey','2026-05-19 20:09:47','06F43H2S28KNWX71TSF7MWWTA4'),
('01KS0XQNYA9SPN3YPVQ8JP3Z5J',210,21013,'Pocosol','2026-05-19 20:09:47','06F43H2S28KNWX71TSF7MWWTA4'),
('01KS0XQNYBB9533G85816A8YYW',211,21101,'Zarcero','2026-05-19 20:09:47','06F43H2S28KNWX71TSF7MWWTA4'),
('01KS0XQNYBB9533G85816A8YYX',211,21102,'Laguna','2026-05-19 20:09:47','06F43H2S28KNWX71TSF7MWWTA4'),
('01KS0XQNYBB9533G85816A8YYY',211,21103,'Tapesco','2026-05-19 20:09:47','06F43H2S28KNWX71TSF7MWWTA4'),
('01KS0XQNYCYX3AN6Q3AT5293DG',211,21104,'Guadalupe','2026-05-19 20:09:47','06F43H2S28KNWX71TSF7MWWTA4'),
('01KS0XQNYCYX3AN6Q3AT5293DH',211,21105,'Palmira','2026-05-19 20:09:47','06F43H2S28KNWX71TSF7MWWTA4'),
('01KS0XQNYCYX3AN6Q3AT5293DJ',211,21106,'Zapote','2026-05-19 20:09:47','06F43H2S28KNWX71TSF7MWWTA4'),
('01KS0XQNYDY540FET7SX304PGW',211,21107,'Brisas','2026-05-19 20:09:47','06F43H2S28KNWX71TSF7MWWTA4'),
('01KS0XQNYDY540FET7SX304PGX',212,21201,'Sarchí Norte','2026-05-19 20:09:47','06F43H2S28KNWX71TSF7MWWTA4'),
('01KS0XQNYDY540FET7SX304PGY',212,21202,'Sarchí Sur','2026-05-19 20:09:47','06F43H2S28KNWX71TSF7MWWTA4'),
('01KS0XQNYE919CBPJWVADGAJR5',212,21203,'Toro Amarillo','2026-05-19 20:09:47','06F43H2S28KNWX71TSF7MWWTA4'),
('01KS0XQNYE919CBPJWVADGAJR6',212,21204,'San Pedro','2026-05-19 20:09:47','06F43H2S28KNWX71TSF7MWWTA4'),
('01KS0XQNYFPB5K3CFFSBD41DKD',212,21205,'Rodríguez','2026-05-19 20:09:47','06F43H2S28KNWX71TSF7MWWTA4'),
('01KS0XQNYFPB5K3CFFSBD41DKE',213,21301,'Upala','2026-05-19 20:09:47','06F43H2S28KNWX71TSF7MWWTA4'),
('01KS0XQNYFPB5K3CFFSBD41DKF',213,21302,'Aguas Claras','2026-05-19 20:09:47','06F43H2S28KNWX71TSF7MWWTA4'),
('01KS0XQNYGQRBJTK2F8710GFSX',213,21303,'San José O Pizote','2026-05-19 20:09:47','06F43H2S28KNWX71TSF7MWWTA4'),
('01KS0XQNYGQRBJTK2F8710GFSY',213,21304,'Bijagua','2026-05-19 20:09:47','06F43H2S28KNWX71TSF7MWWTA4'),
('01KS0XQNYGQRBJTK2F8710GFSZ',213,21305,'Delicias','2026-05-19 20:09:47','06F43H2S28KNWX71TSF7MWWTA4'),
('01KS0XQNYHRMWT5WR0WX1RH0RY',213,21306,'Dos Ríos','2026-05-19 20:09:47','06F43H2S28KNWX71TSF7MWWTA4'),
('01KS0XQNYHRMWT5WR0WX1RH0RZ',213,21307,'Yolillal','2026-05-19 20:09:47','06F43H2S28KNWX71TSF7MWWTA4'),
('01KS0XQNYHRMWT5WR0WX1RH0S0',213,21308,'Canalete','2026-05-19 20:09:47','06F43H2S28KNWX71TSF7MWWTA4'),
('01KS0XQNYJF17VE05ARF50H186',214,21401,'Los Chiles','2026-05-19 20:09:47','06F43H2S28KNWX71TSF7MWWTA4'),
('01KS0XQNYJF17VE05ARF50H187',214,21402,'Caño Negro','2026-05-19 20:09:47','06F43H2S28KNWX71TSF7MWWTA4'),
('01KS0XQNYJF17VE05ARF50H188',214,21403,'El Amparo','2026-05-19 20:09:47','06F43H2S28KNWX71TSF7MWWTA4'),
('01KS0XQNYKVCAWQ7KPNC0RZ31R',214,21404,'San Jorge','2026-05-19 20:09:47','06F43H2S28KNWX71TSF7MWWTA4'),
('01KS0XQNYKVCAWQ7KPNC0RZ31S',215,21501,'San Rafael','2026-05-19 20:09:47','06F43H2S28KNWX71TSF7MWWTA4'),
('01KS0XQNYKVCAWQ7KPNC0RZ31T',215,21502,'Buenavista','2026-05-19 20:09:47','06F43H2S28KNWX71TSF7MWWTA4'),
('01KS0XQNYMK09DB50HZXEHKA6R',215,21503,'Cote','2026-05-19 20:09:47','06F43H2S28KNWX71TSF7MWWTA4'),
('01KS0XQNYMK09DB50HZXEHKA6S',215,21504,'Katira','2026-05-19 20:09:47','06F43H2S28KNWX71TSF7MWWTA4'),
('01KS0XQNYNW36ES8N24R40D133',216,21601,'Río Cuarto','2026-05-19 20:09:47','06F43H2S28KNWX71TSF7MWWTA4'),
('01KS0XQNYNW36ES8N24R40D134',216,21602,'Santa Rita','2026-05-19 20:09:47','06F43H2S28KNWX71TSF7MWWTA4'),
('01KS0XQNYNW36ES8N24R40D135',216,21603,'Santa Isabel','2026-05-19 20:09:47','06F43H2S28KNWX71TSF7MWWTA4'),
('01KS0XQNYPGHF2YEZ3AJ2MQ3G8',301,30101,'Oriental','2026-05-19 20:09:47','06F43H2S28KNWX71TSF7MWWTA4'),
('01KS0XQNYPGHF2YEZ3AJ2MQ3G9',301,30102,'Occidental','2026-05-19 20:09:47','06F43H2S28KNWX71TSF7MWWTA4'),
('01KS0XQNYPGHF2YEZ3AJ2MQ3GA',301,30103,'Carmen','2026-05-19 20:09:47','06F43H2S28KNWX71TSF7MWWTA4'),
('01KS0XQNYQWJ70XK45E71V8TBZ',301,30104,'San Nicolás','2026-05-19 20:09:47','06F43H2S28KNWX71TSF7MWWTA4'),
('01KS0XQNYQWJ70XK45E71V8TC0',301,30105,'Aguacaliente o San Francisco','2026-05-19 20:09:47','06F43H2S28KNWX71TSF7MWWTA4'),
('01KS0XQNYR11BK9CR0PWSDE1R2',301,30106,'Guadalupe o Arenilla','2026-05-19 20:09:47','06F43H2S28KNWX71TSF7MWWTA4'),
('01KS0XQNYR11BK9CR0PWSDE1R3',301,30107,'Corralillo','2026-05-19 20:09:47','06F43H2S28KNWX71TSF7MWWTA4'),
('01KS0XQNYR11BK9CR0PWSDE1R4',301,30108,'Tierra Blanca','2026-05-19 20:09:47','06F43H2S28KNWX71TSF7MWWTA4'),
('01KS0XQNYS2HMV1X3N2934W2VA',301,30109,'Dulce Nombre','2026-05-19 20:09:47','06F43H2S28KNWX71TSF7MWWTA4'),
('01KS0XQNYS2HMV1X3N2934W2VB',301,30110,'Llano Grande','2026-05-19 20:09:47','06F43H2S28KNWX71TSF7MWWTA4'),
('01KS0XQNYS2HMV1X3N2934W2VC',301,30111,'Quebradilla','2026-05-19 20:09:47','06F43H2S28KNWX71TSF7MWWTA4'),
('01KS0XQNYT7T9CND1J84AGGPQY',302,30201,'Paraíso','2026-05-19 20:09:47','06F43H2S28KNWX71TSF7MWWTA4'),
('01KS0XQNYT7T9CND1J84AGGPQZ',302,30202,'Santiago','2026-05-19 20:09:47','06F43H2S28KNWX71TSF7MWWTA4'),
('01KS0XQNYVYXGEH6PQKP258DGE',302,30203,'Orosi','2026-05-19 20:09:47','06F43H2S28KNWX71TSF7MWWTA4'),
('01KS0XQNYVYXGEH6PQKP258DGF',302,30204,'Cachí','2026-05-19 20:09:47','06F43H2S28KNWX71TSF7MWWTA4'),
('01KS0XQNYVYXGEH6PQKP258DGG',302,30205,'Llanos de Santa Lucía','2026-05-19 20:09:47','06F43H2S28KNWX71TSF7MWWTA4'),
('01KS0XQNYVYXGEH6PQKP258DGH',302,30206,'Birrisito','2026-05-19 20:09:47','06F43H2S28KNWX71TSF7MWWTA4'),
('01KS0XQNYW2MXANDYM3VGP4XJR',303,30301,'Tres Ríos','2026-05-19 20:09:47','06F43H2S28KNWX71TSF7MWWTA4'),
('01KS0XQNYW2MXANDYM3VGP4XJS',303,30302,'San Diego','2026-05-19 20:09:47','06F43H2S28KNWX71TSF7MWWTA4'),
('01KS0XQNYW2MXANDYM3VGP4XJT',303,30303,'San Juan','2026-05-19 20:09:47','06F43H2S28KNWX71TSF7MWWTA4'),
('01KS0XQNYXEG71ZEDT3DYGSQAC',303,30304,'San Rafael','2026-05-19 20:09:47','06F43H2S28KNWX71TSF7MWWTA4'),
('01KS0XQNYXEG71ZEDT3DYGSQAD',303,30305,'Concepción','2026-05-19 20:09:47','06F43H2S28KNWX71TSF7MWWTA4'),
('01KS0XQNYXEG71ZEDT3DYGSQAE',303,30306,'Dulce Nombre','2026-05-19 20:09:47','06F43H2S28KNWX71TSF7MWWTA4'),
('01KS0XQNYYE9WW0D1XQK3VX5Y2',303,30307,'San Ramón','2026-05-19 20:09:47','06F43H2S28KNWX71TSF7MWWTA4'),
('01KS0XQNYYE9WW0D1XQK3VX5Y3',303,30308,'Río Azul','2026-05-19 20:09:47','06F43H2S28KNWX71TSF7MWWTA4'),
('01KS0XQNYYE9WW0D1XQK3VX5Y4',304,30401,'Juan Viñas','2026-05-19 20:09:47','06F43H2S28KNWX71TSF7MWWTA4'),
('01KS0XQNYZ9WM9S0RH28QH2H5K',304,30402,'Tucurrique','2026-05-19 20:09:47','06F43H2S28KNWX71TSF7MWWTA4'),
('01KS0XQNYZ9WM9S0RH28QH2H5M',304,30403,'Pejibaye','2026-05-19 20:09:47','06F43H2S28KNWX71TSF7MWWTA4'),
('01KS0XQNYZ9WM9S0RH28QH2H5N',304,30404,'La Victoria','2026-05-19 20:09:47','06F43H2S28KNWX71TSF7MWWTA4'),
('01KS0XQNYZ9WM9S0RH28QH2H5P',305,30501,'Turrialba','2026-05-19 20:09:47','06F43H2S28KNWX71TSF7MWWTA4'),
('01KS0XQNZ03GX366N3Q784KGK1',305,30502,'La Suiza','2026-05-19 20:09:47','06F43H2S28KNWX71TSF7MWWTA4'),
('01KS0XQNZ03GX366N3Q784KGK2',305,30503,'Peralta','2026-05-19 20:09:47','06F43H2S28KNWX71TSF7MWWTA4'),
('01KS0XQNZ03GX366N3Q784KGK3',305,30504,'Santa Cruz','2026-05-19 20:09:47','06F43H2S28KNWX71TSF7MWWTA4'),
('01KS0XQNZ1576V07HXKZ4EFBTZ',305,30505,'Santa Teresita','2026-05-19 20:09:47','06F43H2S28KNWX71TSF7MWWTA4'),
('01KS0XQNZ1576V07HXKZ4EFBV0',305,30506,'Pavones','2026-05-19 20:09:47','06F43H2S28KNWX71TSF7MWWTA4'),
('01KS0XQNZ1576V07HXKZ4EFBV1',305,30507,'Tuis','2026-05-19 20:09:47','06F43H2S28KNWX71TSF7MWWTA4'),
('01KS0XQNZ28HSQ1CM47446Q0KS',305,30508,'Tayutic','2026-05-19 20:09:47','06F43H2S28KNWX71TSF7MWWTA4'),
('01KS0XQNZ28HSQ1CM47446Q0KT',305,30509,'Santa Rosa','2026-05-19 20:09:47','06F43H2S28KNWX71TSF7MWWTA4'),
('01KS0XQNZ28HSQ1CM47446Q0KV',305,30510,'Tres Equis','2026-05-19 20:09:47','06F43H2S28KNWX71TSF7MWWTA4'),
('01KS0XQNZ3PRM71TBDJ9Q631P6',305,30511,'La Isabel','2026-05-19 20:09:47','06F43H2S28KNWX71TSF7MWWTA4'),
('01KS0XQNZ3PRM71TBDJ9Q631P7',305,30512,'Chirripó','2026-05-19 20:09:47','06F43H2S28KNWX71TSF7MWWTA4'),
('01KS0XQNZ3PRM71TBDJ9Q631P8',306,30601,'Pacayas','2026-05-19 20:09:47','06F43H2S28KNWX71TSF7MWWTA4'),
('01KS0XQNZ4B072VBWRQHM81ZJB',306,30602,'Cervantes','2026-05-19 20:09:47','06F43H2S28KNWX71TSF7MWWTA4'),
('01KS0XQNZ4B072VBWRQHM81ZJC',306,30603,'Capellades','2026-05-19 20:09:47','06F43H2S28KNWX71TSF7MWWTA4'),
('01KS0XQNZ4B072VBWRQHM81ZJD',307,30701,'San Rafael','2026-05-19 20:09:47','06F43H2S28KNWX71TSF7MWWTA4'),
('01KS0XQNZ5Y4W4WVK7XDDGJ58E',307,30702,'Cot','2026-05-19 20:09:47','06F43H2S28KNWX71TSF7MWWTA4'),
('01KS0XQNZ5Y4W4WVK7XDDGJ58F',307,30703,'Potrero Cerrado','2026-05-19 20:09:47','06F43H2S28KNWX71TSF7MWWTA4'),
('01KS0XQNZ5Y4W4WVK7XDDGJ58G',307,30704,'Cipreses','2026-05-19 20:09:47','06F43H2S28KNWX71TSF7MWWTA4'),
('01KS0XQNZ6H9JWXP6BMV9R2C44',307,30705,'Santa Rosa','2026-05-19 20:09:47','06F43H2S28KNWX71TSF7MWWTA4'),
('01KS0XQNZ6H9JWXP6BMV9R2C45',308,30801,'El Tejar','2026-05-19 20:09:47','06F43H2S28KNWX71TSF7MWWTA4'),
('01KS0XQNZ6H9JWXP6BMV9R2C46',308,30802,'San Isidro','2026-05-19 20:09:47','06F43H2S28KNWX71TSF7MWWTA4'),
('01KS0XQNZ7NRVNMEMEKTXE9HHR',308,30803,'Tobosi','2026-05-19 20:09:47','06F43H2S28KNWX71TSF7MWWTA4'),
('01KS0XQNZ7NRVNMEMEKTXE9HHS',308,30804,'Patio de Agua','2026-05-19 20:09:47','06F43H2S28KNWX71TSF7MWWTA4'),
('01KS0XQNZ7NRVNMEMEKTXE9HHT',401,40101,'Heredia','2026-05-19 20:09:47','06F43H2S28KNWX71TSF7MWWTA4'),
('01KS0XQNZ8NEJM4QTTMBK7S2RE',401,40102,'Mercedes','2026-05-19 20:09:47','06F43H2S28KNWX71TSF7MWWTA4'),
('01KS0XQNZ8NEJM4QTTMBK7S2RF',401,40103,'San Francisco','2026-05-19 20:09:47','06F43H2S28KNWX71TSF7MWWTA4'),
('01KS0XQNZ8NEJM4QTTMBK7S2RG',401,40104,'Ulloa','2026-05-19 20:09:47','06F43H2S28KNWX71TSF7MWWTA4'),
('01KS0XQNZ8NEJM4QTTMBK7S2RH',401,40105,'Varablanca','2026-05-19 20:09:47','06F43H2S28KNWX71TSF7MWWTA4'),
('01KS0XQNZ9YZQFH5E6HM5DZS3D',402,40201,'Barva','2026-05-19 20:09:47','06F43H2S28KNWX71TSF7MWWTA4'),
('01KS0XQNZ9YZQFH5E6HM5DZS3E',402,40202,'San Pedro','2026-05-19 20:09:47','06F43H2S28KNWX71TSF7MWWTA4'),
('01KS0XQNZ9YZQFH5E6HM5DZS3F',402,40203,'San Pablo','2026-05-19 20:09:47','06F43H2S28KNWX71TSF7MWWTA4'),
('01KS0XQNZAP6SV894H7KCJD0SP',402,40204,'San Roque','2026-05-19 20:09:47','06F43H2S28KNWX71TSF7MWWTA4'),
('01KS0XQNZAP6SV894H7KCJD0SQ',402,40205,'Santa Lucía','2026-05-19 20:09:47','06F43H2S28KNWX71TSF7MWWTA4'),
('01KS0XQNZAP6SV894H7KCJD0SR',402,40206,'San José de la Montaña','2026-05-19 20:09:47','06F43H2S28KNWX71TSF7MWWTA4'),
('01KS0XQNZBGTWEZMR3MFX5NF30',402,40207,'Puente Salas','2026-05-19 20:09:47','06F43H2S28KNWX71TSF7MWWTA4'),
('01KS0XQNZBGTWEZMR3MFX5NF31',403,40301,'Santo Domingo','2026-05-19 20:09:47','06F43H2S28KNWX71TSF7MWWTA4'),
('01KS0XQNZCFQ7B4VJ0Z2MNN37H',403,40302,'San Vicente','2026-05-19 20:09:47','06F43H2S28KNWX71TSF7MWWTA4'),
('01KS0XQNZDA5MJ80Q1KNQ0ENBS',403,40303,'San Miguel','2026-05-19 20:09:47','06F43H2S28KNWX71TSF7MWWTA4'),
('01KS0XQNZEMHC4DSV1JCRAAHDR',403,40304,'Paracito','2026-05-19 20:09:47','06F43H2S28KNWX71TSF7MWWTA4'),
('01KS0XQNZEMHC4DSV1JCRAAHDS',403,40305,'Santo Tomás','2026-05-19 20:09:47','06F43H2S28KNWX71TSF7MWWTA4'),
('01KS0XQNZF2QRWH24S7M6SX5ZQ',403,40306,'Santa Rosa','2026-05-19 20:09:47','06F43H2S28KNWX71TSF7MWWTA4'),
('01KS0XQNZF2QRWH24S7M6SX5ZR',403,40307,'Tures','2026-05-19 20:09:47','06F43H2S28KNWX71TSF7MWWTA4'),
('01KS0XQNZGX95T7NBW9D3KKH16',403,40308,'Pará','2026-05-19 20:09:47','06F43H2S28KNWX71TSF7MWWTA4'),
('01KS0XQNZGX95T7NBW9D3KKH17',404,40401,'Santa Bárbara','2026-05-19 20:09:47','06F43H2S28KNWX71TSF7MWWTA4'),
('01KS0XQNZHGBR6DMPMPGMEGN80',404,40402,'San Pedro','2026-05-19 20:09:47','06F43H2S28KNWX71TSF7MWWTA4'),
('01KS0XQNZHGBR6DMPMPGMEGN81',404,40403,'San Juan','2026-05-19 20:09:47','06F43H2S28KNWX71TSF7MWWTA4'),
('01KS0XQNZJZY176ZXVZ40FE46J',404,40404,'Jesús','2026-05-19 20:09:47','06F43H2S28KNWX71TSF7MWWTA4'),
('01KS0XQNZJZY176ZXVZ40FE46K',404,40405,'Santo Domingo','2026-05-19 20:09:47','06F43H2S28KNWX71TSF7MWWTA4'),
('01KS0XQNZKDTEM5ZC6SR1ZPPCH',404,40406,'Purabá','2026-05-19 20:09:47','06F43H2S28KNWX71TSF7MWWTA4'),
('01KS0XQNZKDTEM5ZC6SR1ZPPCJ',405,40501,'San Rafael','2026-05-19 20:09:47','06F43H2S28KNWX71TSF7MWWTA4'),
('01KS0XQNZKDTEM5ZC6SR1ZPPCK',405,40502,'San Josecito','2026-05-19 20:09:47','06F43H2S28KNWX71TSF7MWWTA4'),
('01KS0XQNZM1WACKGVMBFF44QM6',405,40503,'Santiago','2026-05-19 20:09:47','06F43H2S28KNWX71TSF7MWWTA4'),
('01KS0XQNZM1WACKGVMBFF44QM7',405,40504,'Ángeles','2026-05-19 20:09:47','06F43H2S28KNWX71TSF7MWWTA4'),
('01KS0XQNZM1WACKGVMBFF44QM8',405,40505,'Concepción','2026-05-19 20:09:47','06F43H2S28KNWX71TSF7MWWTA4'),
('01KS0XQNZM1WACKGVMBFF44QM9',406,40601,'San Isidro','2026-05-19 20:09:47','06F43H2S28KNWX71TSF7MWWTA4'),
('01KS0XQNZNBMT1TV1N6Q73PNWG',406,40602,'San José','2026-05-19 20:09:47','06F43H2S28KNWX71TSF7MWWTA4'),
('01KS0XQNZNBMT1TV1N6Q73PNWH',406,40603,'Concepción','2026-05-19 20:09:47','06F43H2S28KNWX71TSF7MWWTA4'),
('01KS0XQNZNBMT1TV1N6Q73PNWJ',406,40604,'San Francisco','2026-05-19 20:09:47','06F43H2S28KNWX71TSF7MWWTA4'),
('01KS0XQNZPXYF2HJM0PFHJC5ZH',407,40701,'San Antonio','2026-05-19 20:09:47','06F43H2S28KNWX71TSF7MWWTA4'),
('01KS0XQNZPXYF2HJM0PFHJC5ZJ',407,40702,'La Ribera','2026-05-19 20:09:47','06F43H2S28KNWX71TSF7MWWTA4'),
('01KS0XQNZPXYF2HJM0PFHJC5ZK',407,40703,'La Asunción','2026-05-19 20:09:47','06F43H2S28KNWX71TSF7MWWTA4'),
('01KS0XQNZQJFZ3ACAD29KCYP4C',408,40801,'San Joaquín','2026-05-19 20:09:47','06F43H2S28KNWX71TSF7MWWTA4'),
('01KS0XQNZQJFZ3ACAD29KCYP4D',408,40802,'Barrantes','2026-05-19 20:09:47','06F43H2S28KNWX71TSF7MWWTA4'),
('01KS0XQNZQJFZ3ACAD29KCYP4E',408,40803,'Llorente','2026-05-19 20:09:47','06F43H2S28KNWX71TSF7MWWTA4'),
('01KS0XQNZRRR05ZB7MHADFQWVV',409,40901,'San Pablo','2026-05-19 20:09:47','06F43H2S28KNWX71TSF7MWWTA4'),
('01KS0XQNZRRR05ZB7MHADFQWVW',409,40902,'Rincón de Sabanilla','2026-05-19 20:09:47','06F43H2S28KNWX71TSF7MWWTA4'),
('01KS0XQNZRRR05ZB7MHADFQWVX',410,41001,'Puerto Viejo','2026-05-19 20:09:47','06F43H2S28KNWX71TSF7MWWTA4'),
('01KS0XQNZS72FB5TMB0B3PRFW1',410,41002,'La Virgen','2026-05-19 20:09:47','06F43H2S28KNWX71TSF7MWWTA4'),
('01KS0XQNZS72FB5TMB0B3PRFW2',410,41003,'Las Horquetas','2026-05-19 20:09:47','06F43H2S28KNWX71TSF7MWWTA4'),
('01KS0XQNZS72FB5TMB0B3PRFW3',410,41004,'Llanuras del Gaspar','2026-05-19 20:09:47','06F43H2S28KNWX71TSF7MWWTA4'),
('01KS0XQNZTQ95YREY8C8TSQSY2',410,41005,'Cureña','2026-05-19 20:09:47','06F43H2S28KNWX71TSF7MWWTA4'),
('01KS0XQNZTQ95YREY8C8TSQSY3',501,50101,'Liberia','2026-05-19 20:09:47','06F43H2S28KNWX71TSF7MWWTA4'),
('01KS0XQNZTQ95YREY8C8TSQSY4',501,50102,'Cañas Dulces','2026-05-19 20:09:47','06F43H2S28KNWX71TSF7MWWTA4'),
('01KS0XQNZVS1CG3BEP6TAY74H1',501,50103,'Mayorga','2026-05-19 20:09:47','06F43H2S28KNWX71TSF7MWWTA4'),
('01KS0XQNZVS1CG3BEP6TAY74H2',501,50104,'Nacascolo','2026-05-19 20:09:47','06F43H2S28KNWX71TSF7MWWTA4'),
('01KS0XQNZVS1CG3BEP6TAY74H3',501,50105,'Curubandé','2026-05-19 20:09:47','06F43H2S28KNWX71TSF7MWWTA4'),
('01KS0XQNZVS1CG3BEP6TAY74H4',502,50201,'Nicoya','2026-05-19 20:09:47','06F43H2S28KNWX71TSF7MWWTA4'),
('01KS0XQNZWFJVF7GXCFJBHKZWZ',502,50202,'Mansión','2026-05-19 20:09:47','06F43H2S28KNWX71TSF7MWWTA4'),
('01KS0XQNZWFJVF7GXCFJBHKZX0',502,50203,'San Antonio','2026-05-19 20:09:47','06F43H2S28KNWX71TSF7MWWTA4'),
('01KS0XQNZX6NGD1S7PK0A2NJVY',502,50204,'Quebrada Honda','2026-05-19 20:09:47','06F43H2S28KNWX71TSF7MWWTA4'),
('01KS0XQNZX6NGD1S7PK0A2NJVZ',502,50205,'Sámara','2026-05-19 20:09:47','06F43H2S28KNWX71TSF7MWWTA4'),
('01KS0XQNZX6NGD1S7PK0A2NJW0',502,50206,'Nosara','2026-05-19 20:09:47','06F43H2S28KNWX71TSF7MWWTA4'),
('01KS0XQNZYWV57BSNJH4EV1AMG',502,50207,'Belén de Nosarita','2026-05-19 20:09:47','06F43H2S28KNWX71TSF7MWWTA4'),
('01KS0XQNZYWV57BSNJH4EV1AMH',503,50301,'Santa Cruz','2026-05-19 20:09:47','06F43H2S28KNWX71TSF7MWWTA4'),
('01KS0XQNZYWV57BSNJH4EV1AMJ',503,50302,'Bolsón','2026-05-19 20:09:47','06F43H2S28KNWX71TSF7MWWTA4'),
('01KS0XQNZYWV57BSNJH4EV1AMK',503,50303,'Veintisiete de Abril','2026-05-19 20:09:47','06F43H2S28KNWX71TSF7MWWTA4'),
('01KS0XQNZZQ8TQ9Q0HD11JDRJ1',503,50304,'Tempate','2026-05-19 20:09:47','06F43H2S28KNWX71TSF7MWWTA4'),
('01KS0XQNZZQ8TQ9Q0HD11JDRJ2',503,50305,'Cartagena','2026-05-19 20:09:47','06F43H2S28KNWX71TSF7MWWTA4'),
('01KS0XQNZZQ8TQ9Q0HD11JDRJ3',503,50306,'Cuajiniquil','2026-05-19 20:09:47','06F43H2S28KNWX71TSF7MWWTA4'),
('01KS0XQP00JRVM97PZY436DHDM',503,50307,'Diriá','2026-05-19 20:09:47','06F43H2S28KNWX71TSF7MWWTA4'),
('01KS0XQP00JRVM97PZY436DHDN',503,50308,'Cabo Velas','2026-05-19 20:09:47','06F43H2S28KNWX71TSF7MWWTA4'),
('01KS0XQP00JRVM97PZY436DHDP',503,50309,'Tamarindo','2026-05-19 20:09:47','06F43H2S28KNWX71TSF7MWWTA4'),
('01KS0XQP011BMSHEHMM6T9MGS5',504,50401,'Bagaces','2026-05-19 20:09:47','06F43H2S28KNWX71TSF7MWWTA4'),
('01KS0XQP011BMSHEHMM6T9MGS6',504,50402,'La Fortuna','2026-05-19 20:09:47','06F43H2S28KNWX71TSF7MWWTA4'),
('01KS0XQP026EARADJZEETVBW1R',504,50403,'Mogote','2026-05-19 20:09:47','06F43H2S28KNWX71TSF7MWWTA4'),
('01KS0XQP026EARADJZEETVBW1S',504,50404,'Río Naranjo','2026-05-19 20:09:47','06F43H2S28KNWX71TSF7MWWTA4'),
('01KS0XQP03W6FV34F419QED3GG',504,50405,'Pijije','2026-05-19 20:09:47','06F43H2S28KNWX71TSF7MWWTA4'),
('01KS0XQP03W6FV34F419QED3GH',505,50501,'Filadelfia','2026-05-19 20:09:47','06F43H2S28KNWX71TSF7MWWTA4'),
('01KS0XQP04163A0GV0413R3BAQ',505,50502,'Palmira','2026-05-19 20:09:47','06F43H2S28KNWX71TSF7MWWTA4'),
('01KS0XQP04163A0GV0413R3BAR',505,50503,'Sardinal','2026-05-19 20:09:47','06F43H2S28KNWX71TSF7MWWTA4'),
('01KS0XQP04163A0GV0413R3BAS',505,50504,'Belén','2026-05-19 20:09:47','06F43H2S28KNWX71TSF7MWWTA4'),
('01KS0XQP0565RTVNCPBASFTZCP',506,50601,'Cañas','2026-05-19 20:09:47','06F43H2S28KNWX71TSF7MWWTA4'),
('01KS0XQP0565RTVNCPBASFTZCQ',506,50602,'Palmira','2026-05-19 20:09:47','06F43H2S28KNWX71TSF7MWWTA4'),
('01KS0XQP06HSP3YRP29G8VNA0G',506,50603,'San Miguel','2026-05-19 20:09:47','06F43H2S28KNWX71TSF7MWWTA4'),
('01KS0XQP06HSP3YRP29G8VNA0H',506,50604,'Bebedero','2026-05-19 20:09:47','06F43H2S28KNWX71TSF7MWWTA4'),
('01KS0XQP06HSP3YRP29G8VNA0J',506,50605,'Porozal','2026-05-19 20:09:47','06F43H2S28KNWX71TSF7MWWTA4'),
('01KS0XQP077EQTK78KQZ8EM2VT',507,50701,'Las Juntas','2026-05-19 20:09:47','06F43H2S28KNWX71TSF7MWWTA4'),
('01KS0XQP077EQTK78KQZ8EM2VV',507,50702,'Sierra','2026-05-19 20:09:47','06F43H2S28KNWX71TSF7MWWTA4'),
('01KS0XQP077EQTK78KQZ8EM2VW',507,50703,'San Juan','2026-05-19 20:09:47','06F43H2S28KNWX71TSF7MWWTA4'),
('01KS0XQP077EQTK78KQZ8EM2VX',507,50704,'Colorado','2026-05-19 20:09:47','06F43H2S28KNWX71TSF7MWWTA4'),
('01KS0XQP0884MTSW31MF09Q0BK',508,50801,'Tilarán','2026-05-19 20:09:47','06F43H2S28KNWX71TSF7MWWTA4'),
('01KS0XQP0884MTSW31MF09Q0BM',508,50802,'Quebrada Grande','2026-05-19 20:09:47','06F43H2S28KNWX71TSF7MWWTA4'),
('01KS0XQP0884MTSW31MF09Q0BN',508,50803,'Tronadora','2026-05-19 20:09:47','06F43H2S28KNWX71TSF7MWWTA4'),
('01KS0XQP09BC4JPQPDFMJCPRMT',508,50804,'Santa Rosa','2026-05-19 20:09:47','06F43H2S28KNWX71TSF7MWWTA4'),
('01KS0XQP09BC4JPQPDFMJCPRMV',508,50805,'Líbano','2026-05-19 20:09:47','06F43H2S28KNWX71TSF7MWWTA4'),
('01KS0XQP0A7YG52KWXGD1A3DV9',508,50806,'Tierras Morenas','2026-05-19 20:09:47','06F43H2S28KNWX71TSF7MWWTA4'),
('01KS0XQP0A7YG52KWXGD1A3DVA',508,50807,'Arenal','2026-05-19 20:09:47','06F43H2S28KNWX71TSF7MWWTA4'),
('01KS0XQP0A7YG52KWXGD1A3DVB',508,50808,'Cabeceras','2026-05-19 20:09:47','06F43H2S28KNWX71TSF7MWWTA4'),
('01KS0XQP0A7YG52KWXGD1A3DVC',509,50901,'Carmona','2026-05-19 20:09:47','06F43H2S28KNWX71TSF7MWWTA4'),
('01KS0XQP0B1TMDB8N781CHC1FN',509,50902,'Santa Rita','2026-05-19 20:09:47','06F43H2S28KNWX71TSF7MWWTA4'),
('01KS0XQP0B1TMDB8N781CHC1FP',509,50903,'Zapotal','2026-05-19 20:09:47','06F43H2S28KNWX71TSF7MWWTA4'),
('01KS0XQP0B1TMDB8N781CHC1FQ',509,50904,'San Pablo','2026-05-19 20:09:47','06F43H2S28KNWX71TSF7MWWTA4'),
('01KS0XQP0CYAYHTKKC1BZ00BJV',509,50905,'Porvenir','2026-05-19 20:09:47','06F43H2S28KNWX71TSF7MWWTA4'),
('01KS0XQP0CYAYHTKKC1BZ00BJW',509,50906,'Bejuco','2026-05-19 20:09:47','06F43H2S28KNWX71TSF7MWWTA4'),
('01KS0XQP0CYAYHTKKC1BZ00BJX',510,51001,'La Cruz','2026-05-19 20:09:47','06F43H2S28KNWX71TSF7MWWTA4'),
('01KS0XQP0DFWVFG6TRQ0DERFFM',510,51002,'Santa Cecilia','2026-05-19 20:09:47','06F43H2S28KNWX71TSF7MWWTA4'),
('01KS0XQP0DFWVFG6TRQ0DERFFN',510,51003,'La Garita','2026-05-19 20:09:47','06F43H2S28KNWX71TSF7MWWTA4'),
('01KS0XQP0E2NXZ730BZWCQD4T0',510,51004,'Santa Elena','2026-05-19 20:09:47','06F43H2S28KNWX71TSF7MWWTA4'),
('01KS0XQP0E2NXZ730BZWCQD4T1',511,51101,'Hojancha','2026-05-19 20:09:47','06F43H2S28KNWX71TSF7MWWTA4'),
('01KS0XQP0E2NXZ730BZWCQD4T2',511,51102,'Monte Romo','2026-05-19 20:09:47','06F43H2S28KNWX71TSF7MWWTA4'),
('01KS0XQP0F5RYXYPNN9WSHKQ0D',511,51103,'Puerto Carrillo','2026-05-19 20:09:47','06F43H2S28KNWX71TSF7MWWTA4'),
('01KS0XQP0F5RYXYPNN9WSHKQ0E',511,51104,'Huacas','2026-05-19 20:09:47','06F43H2S28KNWX71TSF7MWWTA4'),
('01KS0XQP0F5RYXYPNN9WSHKQ0F',511,51105,'Matambú','2026-05-19 20:09:47','06F43H2S28KNWX71TSF7MWWTA4'),
('01KS0XQP0GB0QYKM6QTX3YQ16E',601,60101,'Puntarenas','2026-05-19 20:09:47','06F43H2S28KNWX71TSF7MWWTA4'),
('01KS0XQP0GB0QYKM6QTX3YQ16F',601,60102,'Pitahaya','2026-05-19 20:09:47','06F43H2S28KNWX71TSF7MWWTA4'),
('01KS0XQP0GB0QYKM6QTX3YQ16G',601,60103,'Chomes','2026-05-19 20:09:47','06F43H2S28KNWX71TSF7MWWTA4'),
('01KS0XQP0HGXCVR3VW2FN2TKH6',601,60104,'Lepanto','2026-05-19 20:09:47','06F43H2S28KNWX71TSF7MWWTA4'),
('01KS0XQP0HGXCVR3VW2FN2TKH7',601,60105,'Paquera','2026-05-19 20:09:47','06F43H2S28KNWX71TSF7MWWTA4'),
('01KS0XQP0HGXCVR3VW2FN2TKH8',601,60106,'Manzanillo','2026-05-19 20:09:47','06F43H2S28KNWX71TSF7MWWTA4'),
('01KS0XQP0JYK7NVHVD4GAAADJ6',601,60107,'Guacimal','2026-05-19 20:09:47','06F43H2S28KNWX71TSF7MWWTA4'),
('01KS0XQP0JYK7NVHVD4GAAADJ7',601,60108,'Barranca','2026-05-19 20:09:47','06F43H2S28KNWX71TSF7MWWTA4'),
('01KS0XQP0JYK7NVHVD4GAAADJ8',601,60110,'Isla del Coco','2026-05-19 20:09:47','06F43H2S28KNWX71TSF7MWWTA4'),
('01KS0XQP0KBAVVJ2AVW3DEWTGM',601,60111,'Cóbano','2026-05-19 20:09:47','06F43H2S28KNWX71TSF7MWWTA4'),
('01KS0XQP0KBAVVJ2AVW3DEWTGN',601,60112,'Chacarita','2026-05-19 20:09:47','06F43H2S28KNWX71TSF7MWWTA4'),
('01KS0XQP0KBAVVJ2AVW3DEWTGP',601,60113,'Chira','2026-05-19 20:09:47','06F43H2S28KNWX71TSF7MWWTA4'),
('01KS0XQP0MRT0Q3GVB8XSY9X7R',601,60114,'Acapulco','2026-05-19 20:09:47','06F43H2S28KNWX71TSF7MWWTA4'),
('01KS0XQP0MRT0Q3GVB8XSY9X7S',601,60115,'El Roble','2026-05-19 20:09:47','06F43H2S28KNWX71TSF7MWWTA4'),
('01KS0XQP0NY9X5KXQHS3HTXE4N',601,60116,'Arancibia','2026-05-19 20:09:47','06F43H2S28KNWX71TSF7MWWTA4'),
('01KS0XQP0NY9X5KXQHS3HTXE4P',602,60201,'Espíritu Santo','2026-05-19 20:09:47','06F43H2S28KNWX71TSF7MWWTA4'),
('01KS0XQP0NY9X5KXQHS3HTXE4Q',602,60202,'San Juan Grande','2026-05-19 20:09:47','06F43H2S28KNWX71TSF7MWWTA4'),
('01KS0XQP0P2ZS8AEFS0F4YRHBC',602,60203,'Macacona','2026-05-19 20:09:47','06F43H2S28KNWX71TSF7MWWTA4'),
('01KS0XQP0P2ZS8AEFS0F4YRHBD',602,60204,'San Rafael','2026-05-19 20:09:47','06F43H2S28KNWX71TSF7MWWTA4'),
('01KS0XQP0P2ZS8AEFS0F4YRHBE',602,60205,'San Jerónimo','2026-05-19 20:09:47','06F43H2S28KNWX71TSF7MWWTA4'),
('01KS0XQP0P2ZS8AEFS0F4YRHBF',602,60206,'Caldera','2026-05-19 20:09:47','06F43H2S28KNWX71TSF7MWWTA4'),
('01KS0XQP0QFFZMKH4V0GZVVHAP',603,60301,'Buenos Aires','2026-05-19 20:09:47','06F43H2S28KNWX71TSF7MWWTA4'),
('01KS0XQP0QFFZMKH4V0GZVVHAQ',603,60302,'Volcán','2026-05-19 20:09:47','06F43H2S28KNWX71TSF7MWWTA4'),
('01KS0XQP0QFFZMKH4V0GZVVHAR',603,60303,'Potrero Grande','2026-05-19 20:09:47','06F43H2S28KNWX71TSF7MWWTA4'),
('01KS0XQP0RRG3NB0B3PQJCV0JR',603,60304,'Boruca','2026-05-19 20:09:47','06F43H2S28KNWX71TSF7MWWTA4'),
('01KS0XQP0RRG3NB0B3PQJCV0JS',603,60305,'Pilas','2026-05-19 20:09:47','06F43H2S28KNWX71TSF7MWWTA4'),
('01KS0XQP0RRG3NB0B3PQJCV0JT',603,60306,'Colinas','2026-05-19 20:09:47','06F43H2S28KNWX71TSF7MWWTA4'),
('01KS0XQP0SVXEENJAHQTV43SY0',603,60307,'Chánguena','2026-05-19 20:09:47','06F43H2S28KNWX71TSF7MWWTA4'),
('01KS0XQP0SVXEENJAHQTV43SY1',603,60308,'Biolley','2026-05-19 20:09:47','06F43H2S28KNWX71TSF7MWWTA4'),
('01KS0XQP0TNT7CRTR70A9Q2TSN',603,60309,'Brunka','2026-05-19 20:09:47','06F43H2S28KNWX71TSF7MWWTA4'),
('01KS0XQP0TNT7CRTR70A9Q2TSP',603,60310,'Cabagra','2026-05-19 20:09:47','06F43H2S28KNWX71TSF7MWWTA4'),
('01KS0XQP0TNT7CRTR70A9Q2TSQ',604,60401,'Miramar','2026-05-19 20:09:47','06F43H2S28KNWX71TSF7MWWTA4'),
('01KS0XQP0VDFJQJ72R5S96287E',604,60402,'La Unión','2026-05-19 20:09:47','06F43H2S28KNWX71TSF7MWWTA4'),
('01KS0XQP0VDFJQJ72R5S96287F',604,60403,'San Isidro','2026-05-19 20:09:47','06F43H2S28KNWX71TSF7MWWTA4'),
('01KS0XQP0W59CM8FM9QBNWG6DM',605,60501,'Puerto Cortés','2026-05-19 20:09:47','06F43H2S28KNWX71TSF7MWWTA4'),
('01KS0XQP0W59CM8FM9QBNWG6DN',605,60502,'Palmar','2026-05-19 20:09:47','06F43H2S28KNWX71TSF7MWWTA4'),
('01KS0XQP0W59CM8FM9QBNWG6DP',605,60503,'Sierpe','2026-05-19 20:09:47','06F43H2S28KNWX71TSF7MWWTA4'),
('01KS0XQP0XVQC2MRYF980J6718',605,60504,'Bahía Ballena','2026-05-19 20:09:47','06F43H2S28KNWX71TSF7MWWTA4'),
('01KS0XQP0XVQC2MRYF980J6719',605,60505,'Piedras Blancas','2026-05-19 20:09:47','06F43H2S28KNWX71TSF7MWWTA4'),
('01KS0XQP0XVQC2MRYF980J671A',605,60506,'Bahía Drake','2026-05-19 20:09:47','06F43H2S28KNWX71TSF7MWWTA4'),
('01KS0XQP0YGD849F4YQBQA8Y65',606,60601,'Quepos','2026-05-19 20:09:47','06F43H2S28KNWX71TSF7MWWTA4'),
('01KS0XQP0YGD849F4YQBQA8Y66',606,60602,'Savegre','2026-05-19 20:09:47','06F43H2S28KNWX71TSF7MWWTA4'),
('01KS0XQP0YGD849F4YQBQA8Y67',606,60603,'Naranjito','2026-05-19 20:09:47','06F43H2S28KNWX71TSF7MWWTA4'),
('01KS0XQP0Z7GN9T61SMM8F65YT',607,60701,'Golfito','2026-05-19 20:09:47','06F43H2S28KNWX71TSF7MWWTA4'),
('01KS0XQP0Z7GN9T61SMM8F65YV',607,60703,'Guaycará','2026-05-19 20:09:47','06F43H2S28KNWX71TSF7MWWTA4'),
('01KS0XQP0Z7GN9T61SMM8F65YW',607,60704,'Pavón','2026-05-19 20:09:47','06F43H2S28KNWX71TSF7MWWTA4'),
('01KS0XQP10Q9VHTQ1KKG3KQ7ND',608,60801,'San Vito','2026-05-19 20:09:47','06F43H2S28KNWX71TSF7MWWTA4'),
('01KS0XQP10Q9VHTQ1KKG3KQ7NE',608,60802,'Sabalito','2026-05-19 20:09:47','06F43H2S28KNWX71TSF7MWWTA4'),
('01KS0XQP11404ME71YN55GPMM6',608,60803,'Aguabuena','2026-05-19 20:09:47','06F43H2S28KNWX71TSF7MWWTA4'),
('01KS0XQP11404ME71YN55GPMM7',608,60804,'Limoncito','2026-05-19 20:09:47','06F43H2S28KNWX71TSF7MWWTA4'),
('01KS0XQP11404ME71YN55GPMM8',608,60805,'Pittier','2026-05-19 20:09:47','06F43H2S28KNWX71TSF7MWWTA4'),
('01KS0XQP12KVZA14PA2AS4XNFG',608,60806,'Gutiérrez Braun','2026-05-19 20:09:47','06F43H2S28KNWX71TSF7MWWTA4'),
('01KS0XQP12KVZA14PA2AS4XNFH',609,60901,'Parrita','2026-05-19 20:09:47','06F43H2S28KNWX71TSF7MWWTA4'),
('01KS0XQP12KVZA14PA2AS4XNFJ',610,61001,'Corredor','2026-05-19 20:09:47','06F43H2S28KNWX71TSF7MWWTA4'),
('01KS0XQP13WN86QX1SE6HGT14G',610,61002,'La Cuesta','2026-05-19 20:09:47','06F43H2S28KNWX71TSF7MWWTA4'),
('01KS0XQP13WN86QX1SE6HGT14H',610,61003,'Canoas','2026-05-19 20:09:47','06F43H2S28KNWX71TSF7MWWTA4'),
('01KS0XQP13WN86QX1SE6HGT14J',610,61004,'Laurel','2026-05-19 20:09:47','06F43H2S28KNWX71TSF7MWWTA4'),
('01KS0XQP14VRAJVT55PGGP6XDF',611,61101,'Jacó','2026-05-19 20:09:47','06F43H2S28KNWX71TSF7MWWTA4'),
('01KS0XQP14VRAJVT55PGGP6XDG',611,61102,'Tárcoles','2026-05-19 20:09:47','06F43H2S28KNWX71TSF7MWWTA4'),
('01KS0XQP15Y7J1H93R3BXAF25W',611,61103,'Lagunillas','2026-05-19 20:09:47','06F43H2S28KNWX71TSF7MWWTA4'),
('01KS0XQP15Y7J1H93R3BXAF25X',612,61201,'Monteverde','2026-05-19 20:09:47','06F43H2S28KNWX71TSF7MWWTA4'),
('01KS0XQP15Y7J1H93R3BXAF25Y',613,61301,'Puerto Jiménez','2026-05-19 20:09:47','06F43H2S28KNWX71TSF7MWWTA4'),
('01KS0XQP165BNHR7TZVFYKKCXF',701,70101,'Limón','2026-05-19 20:09:47','06F43H2S28KNWX71TSF7MWWTA4'),
('01KS0XQP165BNHR7TZVFYKKCXG',701,70102,'Valle La Estrella','2026-05-19 20:09:47','06F43H2S28KNWX71TSF7MWWTA4'),
('01KS0XQP165BNHR7TZVFYKKCXH',701,70103,'Río Blanco','2026-05-19 20:09:47','06F43H2S28KNWX71TSF7MWWTA4'),
('01KS0XQP17X1S22KGBH9NHVQF6',701,70104,'Matama','2026-05-19 20:09:47','06F43H2S28KNWX71TSF7MWWTA4'),
('01KS0XQP17X1S22KGBH9NHVQF7',702,70201,'Guápiles','2026-05-19 20:09:47','06F43H2S28KNWX71TSF7MWWTA4'),
('01KS0XQP17X1S22KGBH9NHVQF8',702,70202,'Jiménez','2026-05-19 20:09:47','06F43H2S28KNWX71TSF7MWWTA4'),
('01KS0XQP18V1YS6S9SZ7YHEYDG',702,70203,'Rita','2026-05-19 20:09:47','06F43H2S28KNWX71TSF7MWWTA4'),
('01KS0XQP18V1YS6S9SZ7YHEYDH',702,70204,'Roxana','2026-05-19 20:09:47','06F43H2S28KNWX71TSF7MWWTA4'),
('01KS0XQP18V1YS6S9SZ7YHEYDJ',702,70205,'Cariari','2026-05-19 20:09:47','06F43H2S28KNWX71TSF7MWWTA4'),
('01KS0XQP19AM84VCPDH5GZ6AT6',702,70206,'Colorado','2026-05-19 20:09:47','06F43H2S28KNWX71TSF7MWWTA4'),
('01KS0XQP19AM84VCPDH5GZ6AT7',702,70207,'La Colonia','2026-05-19 20:09:47','06F43H2S28KNWX71TSF7MWWTA4'),
('01KS0XQP19AM84VCPDH5GZ6AT8',703,70301,'Siquirres','2026-05-19 20:09:47','06F43H2S28KNWX71TSF7MWWTA4'),
('01KS0XQP1AT2FKS24YN7EF85D1',703,70302,'Pacuarito','2026-05-19 20:09:47','06F43H2S28KNWX71TSF7MWWTA4'),
('01KS0XQP1AT2FKS24YN7EF85D2',703,70303,'Florida','2026-05-19 20:09:47','06F43H2S28KNWX71TSF7MWWTA4'),
('01KS0XQP1AT2FKS24YN7EF85D3',703,70304,'Germania','2026-05-19 20:09:47','06F43H2S28KNWX71TSF7MWWTA4'),
('01KS0XQP1BQ69613M5QV71F2JK',703,70305,'El Cairo','2026-05-19 20:09:47','06F43H2S28KNWX71TSF7MWWTA4'),
('01KS0XQP1BQ69613M5QV71F2JM',703,70306,'Alegría','2026-05-19 20:09:47','06F43H2S28KNWX71TSF7MWWTA4'),
('01KS0XQP1BQ69613M5QV71F2JN',703,70307,'Reventazón','2026-05-19 20:09:47','06F43H2S28KNWX71TSF7MWWTA4'),
('01KS0XQP1BQ69613M5QV71F2JP',704,70401,'Bratsi','2026-05-19 20:09:47','06F43H2S28KNWX71TSF7MWWTA4'),
('01KS0XQP1C4HDJKFEXJX3NMND7',704,70402,'Sixaola','2026-05-19 20:09:47','06F43H2S28KNWX71TSF7MWWTA4'),
('01KS0XQP1C4HDJKFEXJX3NMND8',704,70403,'Cahuita','2026-05-19 20:09:47','06F43H2S28KNWX71TSF7MWWTA4'),
('01KS0XQP1C4HDJKFEXJX3NMND9',704,70404,'Telire','2026-05-19 20:09:47','06F43H2S28KNWX71TSF7MWWTA4'),
('01KS0XQP1DNP41AVNC0TAWG5GR',705,70501,'Matina','2026-05-19 20:09:47','06F43H2S28KNWX71TSF7MWWTA4'),
('01KS0XQP1DNP41AVNC0TAWG5GS',705,70502,'Batán','2026-05-19 20:09:47','06F43H2S28KNWX71TSF7MWWTA4'),
('01KS0XQP1DNP41AVNC0TAWG5GT',705,70503,'Carrandí','2026-05-19 20:09:47','06F43H2S28KNWX71TSF7MWWTA4'),
('01KS0XQP1EHKP3T032WVBATPC3',706,70601,'Guácimo','2026-05-19 20:09:47','06F43H2S28KNWX71TSF7MWWTA4'),
('01KS0XQP1EHKP3T032WVBATPC4',706,70602,'Mercedes','2026-05-19 20:09:47','06F43H2S28KNWX71TSF7MWWTA4'),
('01KS0XQP1EHKP3T032WVBATPC5',706,70603,'Pocora','2026-05-19 20:09:47','06F43H2S28KNWX71TSF7MWWTA4'),
('01KS0XQP1FAYZJRTEYFZPCG1K2',706,70604,'Río Jiménez','2026-05-19 20:09:47','06F43H2S28KNWX71TSF7MWWTA4'),
('01KS0XQP1FAYZJRTEYFZPCG1K3',706,70605,'Duacarí','2026-05-19 20:09:47','06F43H2S28KNWX71TSF7MWWTA4');
/*!40000 ALTER TABLE `districts` ENABLE KEYS */;
UNLOCK TABLES;
COMMIT;
SET AUTOCOMMIT=@OLD_AUTOCOMMIT;

--
-- Table structure for table `geomanifestations`
--

DROP TABLE IF EXISTS `geomanifestations`;
/*!40101 SET @saved_cs_client     = @@character_set_client */;
/*!40101 SET character_set_client = utf8mb4 */;
CREATE TABLE `geomanifestations` (
  `geomanifestation_id` char(26) NOT NULL,
  `province_snit_code` mediumint(9) unsigned DEFAULT NULL,
  `canton_snit_code` mediumint(9) unsigned DEFAULT NULL,
  `district_snit_code` mediumint(9) unsigned DEFAULT NULL,
  `current_georeport_id` char(26) DEFAULT NULL,
  `geomanifestation_name` varchar(255) NOT NULL DEFAULT 'SOLI-XXXXX',
  `latitude` float NOT NULL,
  `longitude` float NOT NULL,
  `description` varchar(255) DEFAULT NULL,
  `visibility` tinyint(1) NOT NULL DEFAULT 0,
  `created_at` timestamp NOT NULL DEFAULT current_timestamp(),
  `created_by` char(26) NOT NULL,
  PRIMARY KEY (`geomanifestation_id`),
  KEY `fk_gm_created_by_user` (`created_by`) USING BTREE,
  KEY `fk_gm_canton_snit_code` (`canton_snit_code`) USING BTREE,
  KEY `fk_gm_province_snit_code` (`province_snit_code`) USING BTREE,
  KEY `fk_gm_district_snit_code` (`district_snit_code`) USING BTREE,
  KEY `idx_gm_visibility` (`visibility`) USING BTREE,
  KEY `fk_gm_current_georeport_id` (`current_georeport_id`) USING BTREE,
  CONSTRAINT `fk_gm_canton_snit_code` FOREIGN KEY (`canton_snit_code`) REFERENCES `cantons` (`canton_snit_code`) ON DELETE SET NULL ON UPDATE CASCADE,
  CONSTRAINT `fk_gm_current_georeport_id` FOREIGN KEY (`current_georeport_id`) REFERENCES `georeports` (`georeport_id`) ON DELETE SET NULL ON UPDATE CASCADE,
  CONSTRAINT `fk_gm_district_snit_code` FOREIGN KEY (`district_snit_code`) REFERENCES `districts` (`district_snit_code`) ON DELETE SET NULL ON UPDATE CASCADE,
  CONSTRAINT `fk_gm_province_snit_code` FOREIGN KEY (`province_snit_code`) REFERENCES `provinces` (`province_snit_code`) ON DELETE SET NULL ON UPDATE CASCADE
) ENGINE=InnoDB DEFAULT CHARSET=utf8mb4 COLLATE=utf8mb4_general_ci;
/*!40101 SET character_set_client = @saved_cs_client */;

--
-- Dumping data for table `geomanifestations`
--

SET @OLD_AUTOCOMMIT=@@AUTOCOMMIT, @@AUTOCOMMIT=0;
LOCK TABLES `geomanifestations` WRITE;
/*!40000 ALTER TABLE `geomanifestations` DISABLE KEYS */;
INSERT INTO `geomanifestations` VALUES
('01KS1GQQFB2806DZH3Z3ZWED5W',5,504,50401,'01KS1GQQFH54H061TR5J0XBEWJ','Termal Sitio U-1',8.23061,-88.5212,'Imported from Bagaces test data',1,'2026-05-20 01:41:51','06F43H2S28KNWX71TSF7MWWTA4'),
('01KS1GQQFR29SPWGPGMEM0QNPS',5,504,50401,'01KS1GQQFWQB3YCM8CEKFEP0D4','Termal CTP-1',8.21453,-85.5209,'Imported from Bagaces test data',1,'2026-05-20 01:41:51','06F43H2S28KNWX71TSF7MWWTA4'),
('01KS1GQQG0YEQ8MM4F4J6QRD4J',5,504,50401,'01KS1GQQG20BAEFEMFBNKYZ2D5','Termal CTP-2',8.21167,-85.5214,'Imported from Bagaces test data',1,'2026-05-20 01:41:51','06F43H2S28KNWX71TSF7MWWTA4'),
('01KS1GQQG3HVE0AWZ4YVE8Z56K',5,504,50401,'01KS1GQQG4XMKEGJ6NG5DH00FS','Termal CTP-3',8.21166,-85.5212,'Imported from Bagaces test data',1,'2026-05-20 01:41:51','06F43H2S28KNWX71TSF7MWWTA4'),
('01KS1GQQG59TQQ1KKS57X4S8D0',5,504,50401,'01KS1GQQG654QE46W5CDZ0HEDP','Termal Guayabal',8.29462,-85.5007,'Imported from Bagaces test data',1,'2026-05-20 01:41:51','06F43H2S28KNWX71TSF7MWWTA4'),
('01KS1GQQG7Y7827339A1NTHSEP',5,504,50401,'01KS1GQQG80HSGC9Z1CCRSRN62','Termal Josue Ulate',8.28042,-85.5055,'Imported from Bagaces test data',1,'2026-05-20 01:41:51','06F43H2S28KNWX71TSF7MWWTA4'),
('01KS1GQQG9F68TKK82J8FR6CN2',5,504,50401,'01KS1GQQGA9ZJRMMPQQ3B7HPTH','Termal R. Perdido-2',8.13788,-85.514,'Imported from Bagaces test data',1,'2026-05-20 01:41:51','06F43H2S28KNWX71TSF7MWWTA4'),
('01KS1GQQGCZTSM0JWVKPGFMXSS',5,504,50401,'01KS1GQQGDSSQQ09JNBM18R05P','Termal R. Perdido-3',8.13768,-85.5139,'Imported from Bagaces test data',1,'2026-05-20 01:41:51','06F43H2S28KNWX71TSF7MWWTA4'),
('01KS1GQQGEGT626AE1ZRE719A0',5,504,50401,'01KS1GQQGFRBJ6DXH4T1FHRBD5','Termal R. Perdido-4',8.13736,-85.5139,'Imported from Bagaces test data',1,'2026-05-20 01:41:51','06F43H2S28KNWX71TSF7MWWTA4'),
('01KS1GQQGFRBJ6DXH4T1FHRBD6',5,504,50401,'01KS1GQQGGXA38WKA3CHTQM9JP','Termal Guayacan',8.26039,-85.5074,'Imported from Bagaces test data',1,'2026-05-20 01:41:51','06F43H2S28KNWX71TSF7MWWTA4'),
('01KSDT9491ATWEXM5Q4MBVDZXQ',5,504,50401,NULL,'Geothermal 1 - TESTEO',0,0,'Descripción actualizada',1,'2026-05-24 20:19:32','06F43H2S28KNWX71TSF7MWWTA4');
/*!40000 ALTER TABLE `geomanifestations` ENABLE KEYS */;
UNLOCK TABLES;
COMMIT;
SET AUTOCOMMIT=@OLD_AUTOCOMMIT;

--
-- Table structure for table `georeports`
--

DROP TABLE IF EXISTS `georeports`;
/*!40101 SET @saved_cs_client     = @@character_set_client */;
/*!40101 SET character_set_client = utf8mb4 */;
CREATE TABLE `georeports` (
  `georeport_id` char(26) NOT NULL,
  `geomanifestation_id` char(26) NOT NULL,
  `insitu_test_id` char(26) NOT NULL,
  `inlab_test_id` char(26) NOT NULL,
  `details` varchar(500) DEFAULT NULL,
  `created_by` char(26) NOT NULL,
  `created_at` timestamp NOT NULL DEFAULT current_timestamp(),
  PRIMARY KEY (`georeport_id`),
  KEY `fk_gr_created_by` (`created_by`),
  KEY `fk_gr_geomanifestation_id` (`geomanifestation_id`),
  KEY `fk_gr_inlab_test_id` (`inlab_test_id`),
  KEY `fk_gr_insitu_test_id` (`insitu_test_id`),
  CONSTRAINT `fk_gr_created_by` FOREIGN KEY (`created_by`) REFERENCES `users` (`user_id`) ON UPDATE CASCADE,
  CONSTRAINT `fk_gr_geomanifestation_id` FOREIGN KEY (`geomanifestation_id`) REFERENCES `geomanifestations` (`geomanifestation_id`) ON UPDATE CASCADE,
  CONSTRAINT `fk_gr_inlab_test_id` FOREIGN KEY (`inlab_test_id`) REFERENCES `inlab_tests` (`inlab_test_id`) ON UPDATE CASCADE,
  CONSTRAINT `fk_gr_insitu_test_id` FOREIGN KEY (`insitu_test_id`) REFERENCES `insitu_tests` (`insitu_test_id`) ON UPDATE CASCADE
) ENGINE=InnoDB DEFAULT CHARSET=utf8mb4 COLLATE=utf8mb4_general_ci;
/*!40101 SET character_set_client = @saved_cs_client */;

--
-- Dumping data for table `georeports`
--

SET @OLD_AUTOCOMMIT=@@AUTOCOMMIT, @@AUTOCOMMIT=0;
LOCK TABLES `georeports` WRITE;
/*!40000 ALTER TABLE `georeports` DISABLE KEYS */;
INSERT INTO `georeports` VALUES
('01KS1GQQFH54H061TR5J0XBEWJ','01KS1GQQFB2806DZH3Z3ZWED5W','01KS1GQQFFMQZ6MX8NS87GG403','01KS1GQQFGF6XMHDSHQ369BMFQ','Initial import from Bagaces data','06F43H2S28KNWX71TSF7MWWTA4','2026-05-20 01:41:51'),
('01KS1GQQFWQB3YCM8CEKFEP0D4','01KS1GQQFR29SPWGPGMEM0QNPS','01KS1GQQFS3MCQ6XVFEW30DVRE','01KS1GQQFTENKANP3ZZ4EPDJNW','Initial import from Bagaces data','06F43H2S28KNWX71TSF7MWWTA4','2026-05-20 01:41:51'),
('01KS1GQQG20BAEFEMFBNKYZ2D5','01KS1GQQG0YEQ8MM4F4J6QRD4J','01KS1GQQG1T3MA9G8K7QRQ4PWF','01KS1GQQG1T3MA9G8K7QRQ4PWG','Initial import from Bagaces data','06F43H2S28KNWX71TSF7MWWTA4','2026-05-20 01:41:51'),
('01KS1GQQG4XMKEGJ6NG5DH00FS','01KS1GQQG3HVE0AWZ4YVE8Z56K','01KS1GQQG3HVE0AWZ4YVE8Z56M','01KS1GQQG4XMKEGJ6NG5DH00FR','Initial import from Bagaces data','06F43H2S28KNWX71TSF7MWWTA4','2026-05-20 01:41:51'),
('01KS1GQQG654QE46W5CDZ0HEDP','01KS1GQQG59TQQ1KKS57X4S8D0','01KS1GQQG654QE46W5CDZ0HEDM','01KS1GQQG654QE46W5CDZ0HEDN','Initial import from Bagaces data','06F43H2S28KNWX71TSF7MWWTA4','2026-05-20 01:41:51'),
('01KS1GQQG80HSGC9Z1CCRSRN62','01KS1GQQG7Y7827339A1NTHSEP','01KS1GQQG80HSGC9Z1CCRSRN60','01KS1GQQG80HSGC9Z1CCRSRN61','Initial import from Bagaces data','06F43H2S28KNWX71TSF7MWWTA4','2026-05-20 01:41:51'),
('01KS1GQQGA9ZJRMMPQQ3B7HPTH','01KS1GQQG9F68TKK82J8FR6CN2','01KS1GQQGA9ZJRMMPQQ3B7HPTF','01KS1GQQGA9ZJRMMPQQ3B7HPTG','Initial import from Bagaces data','06F43H2S28KNWX71TSF7MWWTA4','2026-05-20 01:41:51'),
('01KS1GQQGDSSQQ09JNBM18R05P','01KS1GQQGCZTSM0JWVKPGFMXSS','01KS1GQQGCZTSM0JWVKPGFMXST','01KS1GQQGDSSQQ09JNBM18R05N','Initial import from Bagaces data','06F43H2S28KNWX71TSF7MWWTA4','2026-05-20 01:41:51'),
('01KS1GQQGFRBJ6DXH4T1FHRBD5','01KS1GQQGEGT626AE1ZRE719A0','01KS1GQQGEGT626AE1ZRE719A1','01KS1GQQGEGT626AE1ZRE719A2','Initial import from Bagaces data','06F43H2S28KNWX71TSF7MWWTA4','2026-05-20 01:41:51'),
('01KS1GQQGGXA38WKA3CHTQM9JP','01KS1GQQGFRBJ6DXH4T1FHRBD6','01KS1GQQGGXA38WKA3CHTQM9JM','01KS1GQQGGXA38WKA3CHTQM9JN','Initial import from Bagaces data','06F43H2S28KNWX71TSF7MWWTA4','2026-05-20 01:41:51');
/*!40000 ALTER TABLE `georeports` ENABLE KEYS */;
UNLOCK TABLES;
COMMIT;
SET AUTOCOMMIT=@OLD_AUTOCOMMIT;

--
-- Table structure for table `inlab_tests`
--

DROP TABLE IF EXISTS `inlab_tests`;
/*!40101 SET @saved_cs_client     = @@character_set_client */;
/*!40101 SET character_set_client = utf8mb4 */;
CREATE TABLE `inlab_tests` (
  `inlab_test_id` char(26) NOT NULL,
  `geomanifestation_id` char(26) NOT NULL,
  `ph` decimal(10,2) NOT NULL DEFAULT 0.00,
  `conductivity` decimal(10,4) NOT NULL DEFAULT 0.0000,
  `cl` decimal(10,4) NOT NULL DEFAULT 0.0000,
  `ca` decimal(10,4) NOT NULL DEFAULT 0.0000,
  `hco3` decimal(10,4) NOT NULL DEFAULT 0.0000,
  `so4` decimal(10,4) NOT NULL DEFAULT 0.0000,
  `fe` decimal(10,4) NOT NULL DEFAULT 0.0000,
  `si` decimal(10,4) NOT NULL DEFAULT 0.0000,
  `b` decimal(10,4) NOT NULL DEFAULT 0.0000,
  `li` decimal(10,4) NOT NULL DEFAULT 0.0000,
  `f` decimal(10,4) NOT NULL DEFAULT 0.0000,
  `na` decimal(10,4) NOT NULL DEFAULT 0.0000,
  `k` decimal(10,4) NOT NULL DEFAULT 0.0000,
  `mg` decimal(10,4) NOT NULL DEFAULT 0.0000,
  `description` varchar(255) DEFAULT NULL,
  `created_at` timestamp NOT NULL DEFAULT current_timestamp(),
  `created_by` char(26) NOT NULL,
  PRIMARY KEY (`inlab_test_id`),
  KEY `fk_inlabt_geomanifestation_id` (`geomanifestation_id`) USING BTREE,
  KEY `fk_inlabt_created_by` (`created_by`) USING BTREE,
  CONSTRAINT `fk_inlab_tests_manifestation_id` FOREIGN KEY (`geomanifestation_id`) REFERENCES `geomanifestations` (`geomanifestation_id`) ON UPDATE CASCADE,
  CONSTRAINT `fk_inlabt_created_by` FOREIGN KEY (`created_by`) REFERENCES `users` (`user_id`) ON DELETE NO ACTION ON UPDATE CASCADE
) ENGINE=InnoDB DEFAULT CHARSET=utf8mb4 COLLATE=utf8mb4_general_ci;
/*!40101 SET character_set_client = @saved_cs_client */;

--
-- Dumping data for table `inlab_tests`
--

SET @OLD_AUTOCOMMIT=@@AUTOCOMMIT, @@AUTOCOMMIT=0;
LOCK TABLES `inlab_tests` WRITE;
/*!40000 ALTER TABLE `inlab_tests` DISABLE KEYS */;
INSERT INTO `inlab_tests` VALUES
('01KS1GQQFGF6XMHDSHQ369BMFQ','01KS1GQQFB2806DZH3Z3ZWED5W',6.96,523.0000,9.8000,58.9000,246.0000,60.8000,0.0000,157.0000,1.0000,0.0000,0.0000,57.7000,11.2000,16.9000,'Laboratory analysis','2026-05-20 01:41:51','06F43H2S28KNWX71TSF7MWWTA4'),
('01KS1GQQFTENKANP3ZZ4EPDJNW','01KS1GQQFR29SPWGPGMEM0QNPS',6.37,665.0000,12.2000,59.8000,389.0000,42.1000,0.0000,142.0000,0.0000,0.0000,0.0000,68.8000,15.5000,32.7000,'Laboratory analysis','2026-05-20 01:41:51','06F43H2S28KNWX71TSF7MWWTA4'),
('01KS1GQQG1T3MA9G8K7QRQ4PWG','01KS1GQQG0YEQ8MM4F4J6QRD4J',6.74,915.0000,16.2000,78.4000,578.0000,58.1000,0.0000,150.0000,0.0000,0.0000,0.0000,104.2000,10.6000,46.3000,'Laboratory analysis','2026-05-20 01:41:51','06F43H2S28KNWX71TSF7MWWTA4'),
('01KS1GQQG4XMKEGJ6NG5DH00FR','01KS1GQQG3HVE0AWZ4YVE8Z56K',6.38,912.0000,15.9000,79.2000,551.5000,57.4000,0.0000,150.0000,0.0000,0.0000,0.0000,107.1000,14.1000,45.9000,'Laboratory analysis','2026-05-20 01:41:51','06F43H2S28KNWX71TSF7MWWTA4'),
('01KS1GQQG654QE46W5CDZ0HEDN','01KS1GQQG59TQQ1KKS57X4S8D0',2.17,7480.0000,728.0000,104.0000,0.0000,3344.0000,103.0000,265.0000,4.0000,0.0000,0.0000,55.0000,3.0000,37.0000,'Laboratory analysis','2026-05-20 01:41:51','06F43H2S28KNWX71TSF7MWWTA4'),
('01KS1GQQG80HSGC9Z1CCRSRN61','01KS1GQQG7Y7827339A1NTHSEP',2.78,2770.0000,188.0000,203.0000,0.0000,1383.0000,2.9200,162.0000,2.0000,0.0000,0.0000,56.0000,9.0000,65.0000,'Laboratory analysis','2026-05-20 01:41:51','06F43H2S28KNWX71TSF7MWWTA4'),
('01KS1GQQGA9ZJRMMPQQ3B7HPTG','01KS1GQQG9F68TKK82J8FR6CN2',6.24,900.0000,80.1000,59.4000,447.0000,14.2000,0.0000,155.0000,0.0000,0.0000,0.0000,184.3000,16.6000,26.8000,'Laboratory analysis','2026-05-20 01:41:51','06F43H2S28KNWX71TSF7MWWTA4'),
('01KS1GQQGDSSQQ09JNBM18R05N','01KS1GQQGCZTSM0JWVKPGFMXSS',6.09,482.0000,6.2000,45.3000,327.5000,5.6000,0.0000,131.0000,0.0000,0.0000,0.0000,59.6000,8.8000,21.0000,'Laboratory analysis','2026-05-20 01:41:51','06F43H2S28KNWX71TSF7MWWTA4'),
('01KS1GQQGEGT626AE1ZRE719A2','01KS1GQQGEGT626AE1ZRE719A0',6.05,368.0000,5.6000,36.8000,251.0000,2.9000,0.0000,120.0000,0.0000,0.0000,0.0000,40.0000,8.7000,17.0000,'Laboratory analysis','2026-05-20 01:41:51','06F43H2S28KNWX71TSF7MWWTA4'),
('01KS1GQQGGXA38WKA3CHTQM9JN','01KS1GQQGFRBJ6DXH4T1FHRBD6',5.86,416.0000,8.1000,46.5000,201.0000,43.5000,0.0000,124.0000,0.0000,0.0000,0.0000,41.9000,14.5000,14.3000,'Laboratory analysis','2026-05-20 01:41:51','06F43H2S28KNWX71TSF7MWWTA4');
/*!40000 ALTER TABLE `inlab_tests` ENABLE KEYS */;
UNLOCK TABLES;
COMMIT;
SET AUTOCOMMIT=@OLD_AUTOCOMMIT;

--
-- Table structure for table `insitu_tests`
--

DROP TABLE IF EXISTS `insitu_tests`;
/*!40101 SET @saved_cs_client     = @@character_set_client */;
/*!40101 SET character_set_client = utf8mb4 */;
CREATE TABLE `insitu_tests` (
  `insitu_test_id` char(26) NOT NULL,
  `geomanifestation_id` char(26) NOT NULL,
  `temperature` decimal(6,2) NOT NULL DEFAULT 0.00,
  `conductivity` decimal(10,2) NOT NULL DEFAULT 0.00,
  `ph` decimal(4,2) NOT NULL DEFAULT 0.00,
  `description` varchar(255) DEFAULT NULL,
  `created_at` timestamp NOT NULL DEFAULT current_timestamp(),
  `created_by` char(26) NOT NULL,
  PRIMARY KEY (`insitu_test_id`),
  KEY `fk_insitut_created_by` (`created_by`) USING BTREE,
  KEY `fk_insitut_manifestation_id` (`geomanifestation_id`) USING BTREE,
  CONSTRAINT `fk_insitu_test_manifestation_id` FOREIGN KEY (`geomanifestation_id`) REFERENCES `geomanifestations` (`geomanifestation_id`) ON UPDATE CASCADE,
  CONSTRAINT `fk_insitut_created_by` FOREIGN KEY (`created_by`) REFERENCES `users` (`user_id`) ON DELETE NO ACTION ON UPDATE CASCADE
) ENGINE=InnoDB DEFAULT CHARSET=utf8mb4 COLLATE=utf8mb4_general_ci;
/*!40101 SET character_set_client = @saved_cs_client */;

--
-- Dumping data for table `insitu_tests`
--

SET @OLD_AUTOCOMMIT=@@AUTOCOMMIT, @@AUTOCOMMIT=0;
LOCK TABLES `insitu_tests` WRITE;
/*!40000 ALTER TABLE `insitu_tests` DISABLE KEYS */;
INSERT INTO `insitu_tests` VALUES
('01KS1GQQFFMQZ6MX8NS87GG403','01KS1GQQFB2806DZH3Z3ZWED5W',46.50,532.00,6.80,'Field measurement','2026-05-20 01:41:51','06F43H2S28KNWX71TSF7MWWTA4'),
('01KS1GQQFS3MCQ6XVFEW30DVRE','01KS1GQQFR29SPWGPGMEM0QNPS',41.00,685.00,6.51,'Field measurement','2026-05-20 01:41:51','06F43H2S28KNWX71TSF7MWWTA4'),
('01KS1GQQG1T3MA9G8K7QRQ4PWF','01KS1GQQG0YEQ8MM4F4J6QRD4J',46.00,940.00,6.70,'Field measurement','2026-05-20 01:41:51','06F43H2S28KNWX71TSF7MWWTA4'),
('01KS1GQQG3HVE0AWZ4YVE8Z56M','01KS1GQQG3HVE0AWZ4YVE8Z56K',46.00,1070.00,6.26,'Field measurement','2026-05-20 01:41:51','06F43H2S28KNWX71TSF7MWWTA4'),
('01KS1GQQG654QE46W5CDZ0HEDM','01KS1GQQG59TQQ1KKS57X4S8D0',59.00,0.00,0.00,'Field measurement','2026-05-20 01:41:51','06F43H2S28KNWX71TSF7MWWTA4'),
('01KS1GQQG80HSGC9Z1CCRSRN60','01KS1GQQG7Y7827339A1NTHSEP',36.00,0.00,2.83,'Field measurement','2026-05-20 01:41:51','06F43H2S28KNWX71TSF7MWWTA4'),
('01KS1GQQGA9ZJRMMPQQ3B7HPTF','01KS1GQQG9F68TKK82J8FR6CN2',44.60,1080.00,6.18,'Field measurement','2026-05-20 01:41:51','06F43H2S28KNWX71TSF7MWWTA4'),
('01KS1GQQGCZTSM0JWVKPGFMXST','01KS1GQQGCZTSM0JWVKPGFMXSS',0.00,0.00,6.05,'Field measurement','2026-05-20 01:41:51','06F43H2S28KNWX71TSF7MWWTA4'),
('01KS1GQQGEGT626AE1ZRE719A1','01KS1GQQGEGT626AE1ZRE719A0',31.20,0.00,6.04,'Field measurement','2026-05-20 01:41:51','06F43H2S28KNWX71TSF7MWWTA4'),
('01KS1GQQGGXA38WKA3CHTQM9JM','01KS1GQQGFRBJ6DXH4T1FHRBD6',39.00,420.00,5.85,'Field measurement','2026-05-20 01:41:51','06F43H2S28KNWX71TSF7MWWTA4');
/*!40000 ALTER TABLE `insitu_tests` ENABLE KEYS */;
UNLOCK TABLES;
COMMIT;
SET AUTOCOMMIT=@OLD_AUTOCOMMIT;

--
-- Table structure for table `logs`
--

DROP TABLE IF EXISTS `logs`;
/*!40101 SET @saved_cs_client     = @@character_set_client */;
/*!40101 SET character_set_client = utf8mb4 */;
CREATE TABLE `logs` (
  `id` bigint(20) NOT NULL AUTO_INCREMENT,
  `auto_id` bigint(20) NOT NULL DEFAULT 0,
  `table_name` varchar(100) NOT NULL,
  `updated_at` datetime DEFAULT NULL,
  `updated_by` bigint(20) NOT NULL DEFAULT 0,
  `updated_by_name` varchar(100) DEFAULT NULL,
  PRIMARY KEY (`id`)
) ENGINE=InnoDB AUTO_INCREMENT=3870 DEFAULT CHARSET=utf8mb4 COLLATE=utf8mb4_general_ci;
/*!40101 SET character_set_client = @saved_cs_client */;

--
-- Dumping data for table `logs`
--

SET @OLD_AUTOCOMMIT=@@AUTOCOMMIT, @@AUTOCOMMIT=0;
LOCK TABLES `logs` WRITE;
/*!40000 ALTER TABLE `logs` DISABLE KEYS */;
/*!40000 ALTER TABLE `logs` ENABLE KEYS */;
UNLOCK TABLES;
COMMIT;
SET AUTOCOMMIT=@OLD_AUTOCOMMIT;

--
-- Table structure for table `logs_entries`
--

DROP TABLE IF EXISTS `logs_entries`;
/*!40101 SET @saved_cs_client     = @@character_set_client */;
/*!40101 SET character_set_client = utf8mb4 */;
CREATE TABLE `logs_entries` (
  `id` bigint(20) NOT NULL AUTO_INCREMENT,
  `log_id` bigint(20) NOT NULL DEFAULT 0,
  `field_name` varchar(100) NOT NULL,
  `old_value` text DEFAULT NULL,
  `new_value` text DEFAULT NULL,
  PRIMARY KEY (`id`),
  KEY `log_id` (`log_id`),
  CONSTRAINT `logs_entries_ibfk_1` FOREIGN KEY (`log_id`) REFERENCES `logs` (`id`) ON DELETE CASCADE ON UPDATE CASCADE
) ENGINE=InnoDB AUTO_INCREMENT=7212 DEFAULT CHARSET=utf8mb3 COLLATE=utf8mb3_general_ci;
/*!40101 SET character_set_client = @saved_cs_client */;

--
-- Dumping data for table `logs_entries`
--

SET @OLD_AUTOCOMMIT=@@AUTOCOMMIT, @@AUTOCOMMIT=0;
LOCK TABLES `logs_entries` WRITE;
/*!40000 ALTER TABLE `logs_entries` DISABLE KEYS */;
/*!40000 ALTER TABLE `logs_entries` ENABLE KEYS */;
UNLOCK TABLES;
COMMIT;
SET AUTOCOMMIT=@OLD_AUTOCOMMIT;

--
-- Table structure for table `provinces`
--

DROP TABLE IF EXISTS `provinces`;
/*!40101 SET @saved_cs_client     = @@character_set_client */;
/*!40101 SET character_set_client = utf8mb4 */;
CREATE TABLE `provinces` (
  `province_id` char(26) NOT NULL,
  `province_snit_code` mediumint(9) unsigned NOT NULL,
  `province_name` varchar(55) NOT NULL,
  `created_by` char(26) NOT NULL,
  `created_at` timestamp NOT NULL DEFAULT current_timestamp(),
  PRIMARY KEY (`province_id`),
  UNIQUE KEY `unique_province_name` (`province_name`) USING BTREE,
  UNIQUE KEY `unique_province_snit_code` (`province_snit_code`) USING BTREE,
  KEY `fk_province_created_by` (`created_by`) USING BTREE
) ENGINE=InnoDB DEFAULT CHARSET=utf8mb4 COLLATE=utf8mb4_general_ci;
/*!40101 SET character_set_client = @saved_cs_client */;

--
-- Dumping data for table `provinces`
--

SET @OLD_AUTOCOMMIT=@@AUTOCOMMIT, @@AUTOCOMMIT=0;
LOCK TABLES `provinces` WRITE;
/*!40000 ALTER TABLE `provinces` DISABLE KEYS */;
INSERT INTO `provinces` VALUES
('01KS0XQNTDN884Y92RN30CABFR',1,'San José','06F43H2S28KNWX71TSF7MWWTA4','2026-05-19 20:09:47'),
('01KS0XQNTENRA7S6ZYRSRVFWSE',2,'Alajuela','06F43H2S28KNWX71TSF7MWWTA4','2026-05-19 20:09:47'),
('01KS0XQNTGKZ0M23PVEA2MRX5B',3,'Cartago','06F43H2S28KNWX71TSF7MWWTA4','2026-05-19 20:09:47'),
('01KS0XQNTHNVG17DD72017EC1A',4,'Heredia','06F43H2S28KNWX71TSF7MWWTA4','2026-05-19 20:09:47'),
('01KS0XQNTJWPXM13A815DHTMFF',5,'Guanacaste','06F43H2S28KNWX71TSF7MWWTA4','2026-05-19 20:09:47'),
('01KS0XQNTKGE32VVVE632SDGR8',6,'Puntarenas','06F43H2S28KNWX71TSF7MWWTA4','2026-05-19 20:09:47'),
('01KS0XQNTMTCXEY94J0G983NX1',7,'Limón','06F43H2S28KNWX71TSF7MWWTA4','2026-05-19 20:09:47');
/*!40000 ALTER TABLE `provinces` ENABLE KEYS */;
UNLOCK TABLES;
COMMIT;
SET AUTOCOMMIT=@OLD_AUTOCOMMIT;

--
-- Table structure for table `refresh_tokens`
--

DROP TABLE IF EXISTS `refresh_tokens`;
/*!40101 SET @saved_cs_client     = @@character_set_client */;
/*!40101 SET character_set_client = utf8mb4 */;
CREATE TABLE `refresh_tokens` (
  `refresh_token_id` char(26) NOT NULL,
  `user_id` char(26) NOT NULL,
  `token_hash` char(64) NOT NULL,
  `family_id` char(26) DEFAULT NULL,
  `expires_at` timestamp NOT NULL DEFAULT current_timestamp(),
  `used_at` timestamp NULL DEFAULT NULL,
  `is_rotated` tinyint(1) NOT NULL DEFAULT 0,
  `revoked_at` timestamp NULL DEFAULT NULL,
  `replaced_by` char(26) DEFAULT NULL,
  `created_at` timestamp NOT NULL DEFAULT current_timestamp(),
  PRIMARY KEY (`refresh_token_id`),
  UNIQUE KEY `unique_refresht_hash` (`token_hash`) USING BTREE,
  KEY `fk_refresht_replaced_by` (`replaced_by`),
  KEY `idx_refresh_family` (`family_id`),
  KEY `idx_refresh_user_family` (`user_id`,`family_id`),
  CONSTRAINT `fk_refresht_replaced_by` FOREIGN KEY (`replaced_by`) REFERENCES `refresh_tokens` (`refresh_token_id`) ON DELETE CASCADE ON UPDATE CASCADE,
  CONSTRAINT `fk_refresht_user_id` FOREIGN KEY (`user_id`) REFERENCES `users` (`user_id`) ON DELETE CASCADE ON UPDATE CASCADE
) ENGINE=InnoDB DEFAULT CHARSET=utf8mb4 COLLATE=utf8mb4_general_ci;
/*!40101 SET character_set_client = @saved_cs_client */;

--
-- Dumping data for table `refresh_tokens`
--

SET @OLD_AUTOCOMMIT=@@AUTOCOMMIT, @@AUTOCOMMIT=0;
LOCK TABLES `refresh_tokens` WRITE;
/*!40000 ALTER TABLE `refresh_tokens` DISABLE KEYS */;
INSERT INTO `refresh_tokens` VALUES
('01KSD7HM22PWK4BVXW0458Q8HC','06F43H2S28KNWX71TSF7MWWTA4','18c2b132a639f9dd2fbe13b52d47b01eb7e2a6985568be9ebb4c84b0c1193f82','01KSD7HM21S7V7X3F38K3CAM8S','2026-06-23 22:52:07',NULL,0,'2026-05-24 17:10:57',NULL,'2026-05-24 22:52:07'),
('01KSDE1D0JM13113HFVYPVGKRY','06F43H2S28KNWX71TSF7MWWTA4','66190a68c6fb7b5424203613baeb0dc6e7d46b632f4e861c31877a76117d1a5c','01KSDE1D0H6R2R1A3RQEBTCKVN','2026-06-24 00:45:36',NULL,0,'2026-05-24 17:10:57',NULL,'2026-05-25 00:45:36'),
('01KSDGWWK8RXFBBV4BZ93QD9ET','06F43H2S28KNWX71TSF7MWWTA4','d6ee894c25e0be5ef69689d0d877a091171ad4d2614b4ee4b2ceb8ae4b8d177d','01KSDGWWK6PY0WNVMEPGQFJVNM','2026-06-24 01:35:33',NULL,0,'2026-05-24 17:35:37',NULL,'2026-05-25 01:35:33'),
('01KSDHDK3P32R19S8HE361QQS2','01KSDHAZHHKK02DG47168ZX7TV','d31c2e8ad13c806c8f40e2e464daf132f29122b98761b48787ea66a83f237385','01KSDHDK3P32R19S8HE361QQS1','2026-06-24 01:44:41',NULL,0,'2026-05-24 17:44:59',NULL,'2026-05-25 01:44:41'),
('01KSDHET7KF4WQ2HB7EBCFPHNM','01KSDHAZHHKK02DG47168ZX7TV','ed6fed31b1aeb283ffdfb48a0b94e0362268dbd77b6c3eb7487f305c0247b689','01KSDHET7KF4WQ2HB7EBCFPHNK','2026-06-24 01:45:21',NULL,0,NULL,NULL,'2026-05-25 01:45:21'),
('01KSDHF37415HF0PZM8D578HDS','01KSDHAZHHKK02DG47168ZX7TV','79ff3630ee09a929c40fb964d545097fb731d5fcc497654998a92ae1a461b97f','01KSDHF37415HF0PZM8D578HDR','2026-06-24 01:45:30',NULL,0,NULL,NULL,'2026-05-25 01:45:30'),
('01KSDHHKMXB53ES9HFCD30EQMP','01KSDHAZHHKK02DG47168ZX7TV','c25e2486553ad8d9db20b897936b8530e3d1c8fbe0f40934909651004a892e72','01KSDHHKMXB53ES9HFCD30EQMN','2026-06-24 01:46:52',NULL,0,NULL,NULL,'2026-05-25 01:46:52'),
('01KSDHK6BFHG4FZ6Q8K1MBTDNZ','01KSDHAZHHKK02DG47168ZX7TV','0d9b6ccf07805af8f60554199e3fee15d4d6ee8233e05204f50469e0775a0001','01KSDHK6BENZMEX9V23FQ5PQZR','2026-06-24 01:47:44',NULL,0,NULL,NULL,'2026-05-25 01:47:44'),
('01KSDHMNZS4KDXB46TWWD84SGT','06F43H2S28KNWX71TSF7MWWTA4','60fb74a42f584696907c708d74f2c704864083242d281a680273cedc36bcac1c','01KSDHMNZS4KDXB46TWWD84SGS','2026-06-24 01:48:33',NULL,0,'2026-05-24 17:49:14',NULL,'2026-05-25 01:48:33'),
('01KSDHP67GFZ9991WQ8M9P0JPA','06F43H2S28KNWX71TSF7MWWTA4','55441dbbdf2c2d6df3eb33123614b4bf7b6885fcb6f567e7325a2db628640a03','01KSDHP67GFZ9991WQ8M9P0JP9','2026-06-24 01:49:23',NULL,0,'2026-05-24 18:25:40',NULL,'2026-05-25 01:49:23'),
('01KSDHWPPKC3K3TP512XSNXF7G','06F43H2S28KNWX71TSF7MWWTA4','75d8b3be5827f2cbc12263f8500ea5f9798d21b63b05d0869e80f7cbbccbe830','01KSDHWPPH5W59288JJWCDAA14','2026-06-24 01:52:56',NULL,0,'2026-05-24 18:25:40',NULL,'2026-05-25 01:52:56'),
('01KSDKRVP6XXW5HXJ7QFFP8ZAC','06F43H2S28KNWX71TSF7MWWTA4','d16fbaca310b03a73cfb4aafaa27552efc91582203f29118f9c264d012a3f403','01KSDKRVP6XXW5HXJ7QFFP8ZAB','2026-06-24 02:25:47',NULL,0,NULL,NULL,'2026-05-25 02:25:47'),
('01KSDS4DW2RWFEVTFN0SNRB573','06F43H2S28KNWX71TSF7MWWTA4','3a89fe223cafd1dcb19273da4e99d892e9634e72bc5855c76e3f5ae306a83410','01KSDS4DW2RWFEVTFN0SNRB572','2026-06-24 03:59:29',NULL,0,NULL,NULL,'2026-05-25 03:59:29'),
('01KSFS731B80FNNRXPA762CF1X','06F43H2S28KNWX71TSF7MWWTA4','529c2298a54d20bef7a7213be62573dab8fcad2ebbbdc69f2fbcc015286bf846','01KSFS731939QVQ5SSZB7JBMPP','2026-06-24 22:39:25',NULL,0,NULL,NULL,'2026-05-25 22:39:25'),
('01KSFTN36VN8CV8XX9TSV965NJ','06F43H2S28KNWX71TSF7MWWTA4','2c23b959c3c3cc98d688d4de3cefb258e24a37ef00ebb3f609be0e44b671056b','01KSFTN36S0ZC9MKFE2Q7N8JN1','2026-06-24 23:04:33',NULL,0,NULL,NULL,'2026-05-25 23:04:33'),
('01KSG0ATHYPPYM56S892YMKGE7','06F43H2S28KNWX71TSF7MWWTA4','a3228a39ad20dee66582f68b3e9f83e7be78a83ad767049b63de81e95c2bd0a8','01KSG0ATHYPPYM56S892YMKGE6','2026-06-25 00:43:48',NULL,0,NULL,NULL,'2026-05-26 00:43:48'),
('01KTYAQGBV39NC714SX1EKBQK7','06F43H2S28KNWX71TSF7MWWTA4','e04cc8044467e8319414e756ef0c751d770598f045cf1eb2357544b3d93dadda','01KTYAQGBV39NC714SX1EKBQK6','2026-07-12 22:30:33',NULL,0,NULL,NULL,'2026-06-12 22:30:33'),
('01KTYAQY7G7258M1KWBTKFFEWP','06F43H2S28KNWX71TSF7MWWTA4','bdb487afb5dda6fa047fa37650fa04744658dccab148285d21a8e45403b1ef70','01KTYAQY7G7258M1KWBTKFFEWN','2026-07-12 22:30:47',NULL,0,NULL,NULL,'2026-06-12 22:30:47'),
('01KTYB0BS0RC2GYW2ZM5MSZBS3','06F43H2S28KNWX71TSF7MWWTA4','ec2770d38066e6eb2c9ea45d1fdaf1e758458214e63d9d289891496dfd6b725d','01KTYB0BS0RC2GYW2ZM5MSZBS2','2026-07-12 22:35:23',NULL,0,NULL,NULL,'2026-06-12 22:35:23'),
('01KTYB14R1CKSHWTC8A2Z48CQD','06F43H2S28KNWX71TSF7MWWTA4','6730ab67420257e7e7b742305994a58668dd4c252c3dabbe393bc4da0bca87eb','01KTYB14R1CKSHWTC8A2Z48CQC','2026-07-12 22:35:49',NULL,0,NULL,NULL,'2026-06-12 22:35:49');
/*!40000 ALTER TABLE `refresh_tokens` ENABLE KEYS */;
UNLOCK TABLES;
COMMIT;
SET AUTOCOMMIT=@OLD_AUTOCOMMIT;
/*!50003 SET @saved_cs_client      = @@character_set_client */ ;
/*!50003 SET @saved_cs_results     = @@character_set_results */ ;
/*!50003 SET @saved_col_connection = @@collation_connection */ ;
/*!50003 SET character_set_client  = utf8mb4 */ ;
/*!50003 SET character_set_results = utf8mb4 */ ;
/*!50003 SET collation_connection  = utf8mb4_uca1400_ai_ci */ ;
/*!50003 SET @saved_sql_mode       = @@sql_mode */ ;
/*!50003 SET sql_mode              = 'NO_AUTO_VALUE_ON_ZERO' */ ;
DELIMITER ;;
/*!50003 CREATE*/ /*!50017 DEFINER=`mario`@`localhost`*/ /*!50003 TRIGGER `prevent_double_use_before_insert` BEFORE UPDATE ON `refresh_tokens` FOR EACH ROW BEGIN
    IF OLD.used_at IS NOT NULL AND NEW.used_at IS NULL THEN
        SIGNAL SQLSTATE '45000' SET MESSAGE_TEXT = 'Cannot unset used_at on a token';
    END IF;
END 
*/;;
DELIMITER ;
/*!50003 SET sql_mode              = @saved_sql_mode */ ;
/*!50003 SET character_set_client  = @saved_cs_client */ ;
/*!50003 SET character_set_results = @saved_cs_results */ ;
/*!50003 SET collation_connection  = @saved_col_connection */ ;

--
-- Table structure for table `requests`
--

DROP TABLE IF EXISTS `requests`;
/*!40101 SET @saved_cs_client     = @@character_set_client */;
/*!40101 SET character_set_client = utf8mb4 */;
CREATE TABLE `requests` (
  `request_id` char(26) NOT NULL,
  `province_snit_code` mediumint(9) unsigned NOT NULL,
  `canton_snit_code` mediumint(9) unsigned NOT NULL,
  `district_snit_code` mediumint(9) unsigned NOT NULL,
  `user_id` char(26) NOT NULL,
  `request_name` varchar(110) NOT NULL DEFAULT 'SOLI-XXXXX',
  `owner_name` varchar(110) DEFAULT NULL,
  `owner_phone_number` varchar(14) DEFAULT NULL,
  `owner_email` varchar(255) DEFAULT NULL,
  `current_usage` enum('Residencial','Comercial','Turístico','Conservación','Ganadería','Otro') NOT NULL DEFAULT 'Otro',
  `temperature_sensation` enum('Hirviendo','Muy Caliente','Caliente','Templado','Natural','Sin Especificar') NOT NULL DEFAULT 'Sin Especificar',
  `bubbles` tinyint(1) DEFAULT 0,
  `details` varchar(255) DEFAULT NULL,
  `exact_address` varchar(500) DEFAULT NULL,
  `latitude` decimal(10,7) DEFAULT NULL,
  `longitude` decimal(10,7) DEFAULT NULL,
  `created_at` timestamp NOT NULL DEFAULT current_timestamp(),
  `relation_with_owner` enum('Familiar','Empleado','Socio','Conocido') DEFAULT NULL,
  PRIMARY KEY (`request_id`),
  KEY `idx_r_temperature_sensation` (`temperature_sensation`) USING BTREE,
  KEY `fk_r_canton_snit_code` (`canton_snit_code`) USING BTREE,
  KEY `fk_r_province_snit_code` (`province_snit_code`) USING BTREE,
  KEY `idx_r_current_usage` (`current_usage`) USING BTREE,
  KEY `fk_r_user` (`user_id`) USING BTREE,
  KEY `fk_r_district_snit_code` (`district_snit_code`) USING BTREE,
  CONSTRAINT `fk_r_canton_snit_code` FOREIGN KEY (`canton_snit_code`) REFERENCES `cantons` (`canton_snit_code`) ON DELETE NO ACTION ON UPDATE CASCADE,
  CONSTRAINT `fk_r_district_snit_code` FOREIGN KEY (`district_snit_code`) REFERENCES `districts` (`district_snit_code`) ON DELETE NO ACTION ON UPDATE CASCADE,
  CONSTRAINT `fk_r_province_snit_code` FOREIGN KEY (`province_snit_code`) REFERENCES `provinces` (`province_snit_code`) ON DELETE NO ACTION ON UPDATE CASCADE,
  CONSTRAINT `fk_r_user_id` FOREIGN KEY (`user_id`) REFERENCES `users` (`user_id`) ON DELETE CASCADE ON UPDATE CASCADE
) ENGINE=InnoDB DEFAULT CHARSET=utf8mb4 COLLATE=utf8mb4_general_ci;
/*!40101 SET character_set_client = @saved_cs_client */;

--
-- Dumping data for table `requests`
--

SET @OLD_AUTOCOMMIT=@@AUTOCOMMIT, @@AUTOCOMMIT=0;
LOCK TABLES `requests` WRITE;
/*!40000 ALTER TABLE `requests` DISABLE KEYS */;
INSERT INTO `requests` VALUES
('01KSDMN7M3K0VPMETMKBD7QHFG',5,504,50401,'06F43H2S28KNWX71TSF7MWWTA4','SOLI-7QHFG',NULL,NULL,NULL,'Ganadería','Caliente',1,'Se observa emanación de vapor','Camino a Bagaces, 200 m norte de escuela',10.1234560,-85.1234560,'2026-05-24 18:41:17',NULL),
('01KSDSNTHYR4CM6R4DEGSYAY3W',5,504,50401,'06F43H2S28KNWX71TSF7MWWTA4','SOLI-YAY3W',NULL,NULL,NULL,'Comercial','Hirviendo',0,'Se observa emanación de vapor','Camino a Bagaces, 200 m norte de escuela',10.1277660,-85.1234560,'2026-05-24 20:08:59',NULL);
/*!40000 ALTER TABLE `requests` ENABLE KEYS */;
UNLOCK TABLES;
COMMIT;
SET AUTOCOMMIT=@OLD_AUTOCOMMIT;

--
-- Table structure for table `requests_state`
--

DROP TABLE IF EXISTS `requests_state`;
/*!40101 SET @saved_cs_client     = @@character_set_client */;
/*!40101 SET character_set_client = utf8mb4 */;
CREATE TABLE `requests_state` (
  `request_status_id` char(26) NOT NULL,
  `request_id` char(26) NOT NULL,
  `value` enum('Pendiente','Revisión','Procesada','') NOT NULL DEFAULT 'Pendiente',
  `description` varchar(255) DEFAULT NULL,
  `created_at` timestamp NOT NULL DEFAULT current_timestamp(),
  `created_by` char(26) NOT NULL,
  PRIMARY KEY (`request_status_id`),
  KEY `fk_rs_request_id` (`request_id`),
  CONSTRAINT `fk_rs_request_id` FOREIGN KEY (`request_id`) REFERENCES `requests` (`request_id`) ON DELETE CASCADE ON UPDATE CASCADE
) ENGINE=InnoDB DEFAULT CHARSET=utf8mb4 COLLATE=utf8mb4_general_ci;
/*!40101 SET character_set_client = @saved_cs_client */;

--
-- Dumping data for table `requests_state`
--

SET @OLD_AUTOCOMMIT=@@AUTOCOMMIT, @@AUTOCOMMIT=0;
LOCK TABLES `requests_state` WRITE;
/*!40000 ALTER TABLE `requests_state` DISABLE KEYS */;
INSERT INTO `requests_state` VALUES
('01KSDMN7M7HWY0WQRCB9V4M8F7','01KSDMN7M3K0VPMETMKBD7QHFG','Pendiente','Solicitud creada','2026-05-24 18:41:17','06F43H2S28KNWX71TSF7MWWTA4'),
('01KSDSEXG64WMXCFJ7BXA0KT7N','01KSDMN7M3K0VPMETMKBD7QHFG','Revisión','El equipo técnico está evaluando la solicitud','2026-05-24 20:05:13','06F43H2S28KNWX71TSF7MWWTA4'),
('01KSDSNTJ0Q9NDABPFHFMGT4QK','01KSDSNTHYR4CM6R4DEGSYAY3W','Pendiente','Solicitud creada','2026-05-24 20:08:59','06F43H2S28KNWX71TSF7MWWTA4'),
('01KSG0HZ2SYTKY2VCA5PWY8FXB','01KSDMN7M3K0VPMETMKBD7QHFG','Procesada','El equipo técnico proceso la solicitud','2026-05-25 16:47:42','06F43H2S28KNWX71TSF7MWWTA4');
/*!40000 ALTER TABLE `requests_state` ENABLE KEYS */;
UNLOCK TABLES;
COMMIT;
SET AUTOCOMMIT=@OLD_AUTOCOMMIT;

--
-- Table structure for table `users`
--

DROP TABLE IF EXISTS `users`;
/*!40101 SET @saved_cs_client     = @@character_set_client */;
/*!40101 SET character_set_client = utf8mb4 */;
CREATE TABLE `users` (
  `user_id` char(26) NOT NULL,
  `email` varchar(255) NOT NULL,
  `phone_number` varchar(14) DEFAULT NULL,
  `first_name` varchar(55) NOT NULL,
  `last_name` varchar(110) NOT NULL,
  `password_hash` varchar(255) NOT NULL,
  `role` enum('admin','user','maintenance','investigator') NOT NULL DEFAULT 'user',
  `is_active` tinyint(1) NOT NULL DEFAULT 1,
  `is_verified` tinyint(1) NOT NULL DEFAULT 0,
  `failed_login_attempts` tinyint(1) unsigned DEFAULT 0,
  `last_login_at` timestamp NULL DEFAULT NULL,
  `deleted_at` timestamp NULL DEFAULT NULL,
  `deleted_by` char(26) DEFAULT NULL,
  `created_at` timestamp NULL DEFAULT current_timestamp(),
  PRIMARY KEY (`user_id`),
  UNIQUE KEY `email` (`email`),
  KEY `idx_users_active` (`deleted_at`,`is_active`)
) ENGINE=InnoDB DEFAULT CHARSET=utf8mb4 COLLATE=utf8mb4_general_ci;
/*!40101 SET character_set_client = @saved_cs_client */;

--
-- Dumping data for table `users`
--

SET @OLD_AUTOCOMMIT=@@AUTOCOMMIT, @@AUTOCOMMIT=0;
LOCK TABLES `users` WRITE;
/*!40000 ALTER TABLE `users` DISABLE KEYS */;
INSERT INTO `users` VALUES
('01KSDHAZHHKK02DG47168ZX7TV','juancarlos@example.com','87654321','Juan Carlos','Pérez Gómez','$2y$10$gRipQdtJbLdnA3DwaVQ/Y.2yNzJGZFzCx0aZZ3ZDuJFatK9cszA0S','user',1,0,0,NULL,NULL,NULL,'2026-05-24 17:43:15'),
('06F43H2S28KNWX71TSF7MWWTA4','system@GeoterRA.com',NULL,'System','Importer','$2y$12$maFlo43rQpKj8KpN4PAssu6CiBsWF3oqJRKwk.SPPzUxPf3Jemnbe','admin',1,1,0,NULL,NULL,NULL,'2026-05-19 19:44:07');
/*!40000 ALTER TABLE `users` ENABLE KEYS */;
UNLOCK TABLES;
COMMIT;
SET AUTOCOMMIT=@OLD_AUTOCOMMIT;

--
-- Temporary table structure for view `view_geomanifestations`
--

DROP TABLE IF EXISTS `view_geomanifestations`;
/*!50001 DROP VIEW IF EXISTS `view_geomanifestations`*/;
SET @saved_cs_client     = @@character_set_client;
SET character_set_client = utf8mb4;
/*!50001 CREATE VIEW `view_geomanifestations` AS SELECT
 NULL AS `geomanifestation_id`,
 NULL AS `geomanifestation_name`,
 NULL AS `latitude`,
 NULL AS `longitude`,
 NULL AS `manifestation_description`,
 NULL AS `visibility`,
 NULL AS `manifestation_created_at`,
 NULL AS `manifestation_creator_first_name`,
 NULL AS `manifestation_creator_last_name`,
 NULL AS `province_name`,
 NULL AS `province_snit_code`,
 NULL AS `canton_name`,
 NULL AS `canton_snit_code`,
 NULL AS `district_name`,
 NULL AS `district_snit_code`,
 NULL AS `georeport_id`,
 NULL AS `report_details`,
 NULL AS `report_created_at`,
 NULL AS `report_creator_first_name`,
 NULL AS `report_creator_last_name`,
 NULL AS `insitu_test_id`,
 NULL AS `temperature`,
 NULL AS `insitu_conductivity`,
 NULL AS `insitu_ph`,
 NULL AS `insitu_description`,
 NULL AS `insitu_created_at`,
 NULL AS `inlab_test_id`,
 NULL AS `lab_ph`,
 NULL AS `lab_conductivity`,
 NULL AS `cl`,
 NULL AS `ca`,
 NULL AS `hco3`,
 NULL AS `so4`,
 NULL AS `fe`,
 NULL AS `si`,
 NULL AS `b`,
 NULL AS `li`,
 NULL AS `f`,
 NULL AS `na`,
 NULL AS `k`,
 NULL AS `mg`,
 NULL AS `lab_description`,
 NULL AS `lab_created_at` */;
SET character_set_client = @saved_cs_client;

--
-- Temporary table structure for view `view_logs_entries`
--

DROP TABLE IF EXISTS `view_logs_entries`;
/*!50001 DROP VIEW IF EXISTS `view_logs_entries`*/;
SET @saved_cs_client     = @@character_set_client;
SET character_set_client = utf8mb4;
/*!50001 CREATE VIEW `view_logs_entries` AS SELECT
 NULL AS `id`,
 NULL AS `log_id`,
 NULL AS `field_name`,
 NULL AS `old_value`,
 NULL AS `new_value`,
 NULL AS `auto_id`,
 NULL AS `table_name`,
 NULL AS `updated_at`,
 NULL AS `updated_by`,
 NULL AS `updated_by_name` */;
SET character_set_client = @saved_cs_client;

--
-- Final view structure for view `view_geomanifestations`
--

/*!50001 DROP VIEW IF EXISTS `view_geomanifestations`*/;
/*!50001 SET @saved_cs_client          = @@character_set_client */;
/*!50001 SET @saved_cs_results         = @@character_set_results */;
/*!50001 SET @saved_col_connection     = @@collation_connection */;
/*!50001 SET character_set_client      = utf8mb4 */;
/*!50001 SET character_set_results     = utf8mb4 */;
/*!50001 SET collation_connection      = utf8mb4_uca1400_ai_ci */;
/*!50001 CREATE ALGORITHM=UNDEFINED */
/*!50013 DEFINER=`root`@`localhost` SQL SECURITY DEFINER */
/*!50001 VIEW `view_geomanifestations` AS select `gm`.`geomanifestation_id` AS `geomanifestation_id`,`gm`.`geomanifestation_name` AS `geomanifestation_name`,`gm`.`latitude` AS `latitude`,`gm`.`longitude` AS `longitude`,`gm`.`description` AS `manifestation_description`,`gm`.`visibility` AS `visibility`,`gm`.`created_at` AS `manifestation_created_at`,`gm_creator`.`first_name` AS `manifestation_creator_first_name`,`gm_creator`.`last_name` AS `manifestation_creator_last_name`,`p`.`province_name` AS `province_name`,`p`.`province_snit_code` AS `province_snit_code`,`c`.`canton_name` AS `canton_name`,`c`.`canton_snit_code` AS `canton_snit_code`,`d`.`district_name` AS `district_name`,`d`.`district_snit_code` AS `district_snit_code`,`gr`.`georeport_id` AS `georeport_id`,`gr`.`details` AS `report_details`,`gr`.`created_at` AS `report_created_at`,`report_creator`.`first_name` AS `report_creator_first_name`,`report_creator`.`last_name` AS `report_creator_last_name`,`ist`.`insitu_test_id` AS `insitu_test_id`,`ist`.`temperature` AS `temperature`,`ist`.`conductivity` AS `insitu_conductivity`,`ist`.`ph` AS `insitu_ph`,`ist`.`description` AS `insitu_description`,`ist`.`created_at` AS `insitu_created_at`,`ilt`.`inlab_test_id` AS `inlab_test_id`,`ilt`.`ph` AS `lab_ph`,`ilt`.`conductivity` AS `lab_conductivity`,`ilt`.`cl` AS `cl`,`ilt`.`ca` AS `ca`,`ilt`.`hco3` AS `hco3`,`ilt`.`so4` AS `so4`,`ilt`.`fe` AS `fe`,`ilt`.`si` AS `si`,`ilt`.`b` AS `b`,`ilt`.`li` AS `li`,`ilt`.`f` AS `f`,`ilt`.`na` AS `na`,`ilt`.`k` AS `k`,`ilt`.`mg` AS `mg`,`ilt`.`description` AS `lab_description`,`ilt`.`created_at` AS `lab_created_at` from ((((((((`geomanifestations` `gm` left join `users` `gm_creator` on(`gm`.`created_by` = `gm_creator`.`user_id`)) left join `provinces` `p` on(`gm`.`province_snit_code` = `p`.`province_snit_code`)) left join `cantons` `c` on(`gm`.`canton_snit_code` = `c`.`canton_snit_code`)) left join `districts` `d` on(`gm`.`district_snit_code` = `d`.`district_snit_code`)) left join `georeports` `gr` on(`gm`.`current_georeport_id` = `gr`.`georeport_id`)) left join `users` `report_creator` on(`gr`.`created_by` = `report_creator`.`user_id`)) left join `insitu_tests` `ist` on(`gr`.`insitu_test_id` = `ist`.`insitu_test_id`)) left join `inlab_tests` `ilt` on(`gr`.`inlab_test_id` = `ilt`.`inlab_test_id`)) */;
/*!50001 SET character_set_client      = @saved_cs_client */;
/*!50001 SET character_set_results     = @saved_cs_results */;
/*!50001 SET collation_connection      = @saved_col_connection */;

--
-- Final view structure for view `view_logs_entries`
--

/*!50001 DROP VIEW IF EXISTS `view_logs_entries`*/;
/*!50001 SET @saved_cs_client          = @@character_set_client */;
/*!50001 SET @saved_cs_results         = @@character_set_results */;
/*!50001 SET @saved_col_connection     = @@collation_connection */;
/*!50001 SET character_set_client      = utf8mb4 */;
/*!50001 SET character_set_results     = utf8mb4 */;
/*!50001 SET collation_connection      = utf8mb4_uca1400_ai_ci */;
/*!50001 CREATE ALGORITHM=UNDEFINED */
/*!50013 DEFINER=`root`@`localhost` SQL SECURITY DEFINER */
/*!50001 VIEW `view_logs_entries` AS select `le`.`id` AS `id`,`le`.`log_id` AS `log_id`,`le`.`field_name` AS `field_name`,`le`.`old_value` AS `old_value`,`le`.`new_value` AS `new_value`,`l`.`auto_id` AS `auto_id`,`l`.`table_name` AS `table_name`,`l`.`updated_at` AS `updated_at`,`l`.`updated_by` AS `updated_by`,`l`.`updated_by_name` AS `updated_by_name` from (`logs_entries` `le` left join `logs` `l` on(`le`.`log_id` = `l`.`id`)) */;
/*!50001 SET character_set_client      = @saved_cs_client */;
/*!50001 SET character_set_results     = @saved_cs_results */;
/*!50001 SET collation_connection      = @saved_col_connection */;
/*!40103 SET TIME_ZONE=@OLD_TIME_ZONE */;

/*!40101 SET SQL_MODE=@OLD_SQL_MODE */;
/*!40014 SET FOREIGN_KEY_CHECKS=@OLD_FOREIGN_KEY_CHECKS */;
/*!40014 SET UNIQUE_CHECKS=@OLD_UNIQUE_CHECKS */;
/*!40101 SET CHARACTER_SET_CLIENT=@OLD_CHARACTER_SET_CLIENT */;
/*!40101 SET CHARACTER_SET_RESULTS=@OLD_CHARACTER_SET_RESULTS */;
/*!40101 SET COLLATION_CONNECTION=@OLD_COLLATION_CONNECTION */;
/*M!100616 SET NOTE_VERBOSITY=@OLD_NOTE_VERBOSITY */;

-- Dump completed on 2026-07-23 21:26:47
