/*M!999999\- enable the sandbox mode */ 
-- MariaDB dump 10.19-12.3.2-MariaDB, for Linux (x86_64)
--
-- Host: localhost    Database: GeoterRA
-- ------------------------------------------------------
-- Server version	12.3.2-MariaDB

/*!40101 SET @OLD_CHARACTER_SET_CLIENT=@@CHARACTER_SET_CLIENT */;
/*!40101 SET @OLD_CHARACTER_SET_RESULTS=@@CHARACTER_SET_RESULTS */;
/*!40101 SET @OLD_COLLATION_CONNECTION=@@COLLATION_CONNECTION */;
/*!40101 SET NAMES utf8mb4 */;
/*!40103 SET @OLD_TIME_ZONE=@@TIME_ZONE */;
/*!40103 SET TIME_ZONE='+00:00' */;
/*!40014 SET @OLD_UNIQUE_CHECKS=@@UNIQUE_CHECKS, UNIQUE_CHECKS=0 */;
/*!40014 SET @OLD_FOREIGN_KEY_CHECKS=@@FOREIGN_KEY_CHECKS, FOREIGN_KEY_CHECKS=0 */;
/*!40101 SET @OLD_SQL_MODE=@@SQL_MODE, SQL_MODE='NO_AUTO_VALUE_ON_ZERO' */;
/*M!100616 SET @OLD_NOTE_VERBOSITY=@@NOTE_VERBOSITY, NOTE_VERBOSITY=0 */;

--
-- Table structure for table `access_tokens`
--

DROP TABLE IF EXISTS `access_tokens`;
/*!40101 SET @saved_cs_client     = @@character_set_client */;
/*!40101 SET character_set_client = utf8mb4 */;
CREATE TABLE `access_tokens` (
  `access_token_id` char(26) NOT NULL,
  `user_id` char(26) NOT NULL,
  `access_token_hash` char(64) NOT NULL,
  `expires_at` timestamp NOT NULL DEFAULT current_timestamp(),
  `revoked_at` timestamp NULL DEFAULT NULL,
  `created_at` timestamp NOT NULL DEFAULT current_timestamp()
) ENGINE=InnoDB DEFAULT CHARSET=utf8mb4 COLLATE=utf8mb4_general_ci;
/*!40101 SET character_set_client = @saved_cs_client */;

--
-- Dumping data for table `access_tokens`
--

SET @OLD_AUTOCOMMIT=@@AUTOCOMMIT, @@AUTOCOMMIT=0;
LOCK TABLES `access_tokens` WRITE;
/*!40000 ALTER TABLE `access_tokens` DISABLE KEYS */;
INSERT INTO `access_tokens` VALUES
('01KSDHET7NPWD52F4RY10WE8B1','01KSDHAZHHKK02DG47168ZX7TV','21608c106795ece560855e805a1effd68c79edde65dce91fd5ec53b2a53c449f','2026-05-25 03:15:21',NULL,'2026-05-25 01:45:21'),
('01KSDHF3762P7K0DP5N4N71GYS','01KSDHAZHHKK02DG47168ZX7TV','a41a58bd9595e2fe937756252582b8bca77c9705da06e1a759952136f4ee5e2e','2026-05-25 03:15:30',NULL,'2026-05-25 01:45:30'),
('01KSDHHKN0WP64426GRDHK8XDM','01KSDHAZHHKK02DG47168ZX7TV','14b12b8bf956031ade60e10c1905ab373494d6f4c77503c317035e4276000c9d','2026-05-25 03:16:52',NULL,'2026-05-25 01:46:52'),
('01KSDHK6BGF4NKETFCABK6KM9E','01KSDHAZHHKK02DG47168ZX7TV','4ff5257329bc0fe9615e593ba7c1e8c8e57677353e12cde28aed4e0848fef694','2026-05-25 03:17:44',NULL,'2026-05-25 01:47:44'),
('01KV46NMFBH11NYN5CQNAPN2DC','01KV1Y23C22RQFF7TVRQ0BYEE7','02413b865d3cb06ceb4a78f30e7fa8e80715e17288f973c43e538c605f7c6f16','2026-06-15 06:45:04',NULL,'2026-06-15 05:15:04'),
('01KV46P26D6GQV6DHTC38A67M6','01KV1Y23C22RQFF7TVRQ0BYEE7','d6f9728903d20dc8e61546e2e2041ca7f11de877a80c3ab8961a989a2e863a13','2026-06-15 06:45:18',NULL,'2026-06-15 05:15:18'),
('01KVNQGYQNY9CQGM9H17G362N9','01KVNQFNTSZNSE9WP5YKE3XQKY','a72f944452b15e053616cbc1daa2318dbdb1d729d0e9e5d69225c7dbdc4121e2','2026-06-22 02:06:42',NULL,'2026-06-22 00:36:42'),
('01KVNQHHFAFEJ5AVK7B7YEFBQ4','01KVNQFNTSZNSE9WP5YKE3XQKY','4303e1f00d69e83e9a72079b10fe60cbaead503dad69e76ebc2cb545e16fac5e','2026-06-22 02:07:01',NULL,'2026-06-22 00:37:01'),
('01KVNQJ3BR3PQR7RR3V1W49XP5','01KVNQFNTSZNSE9WP5YKE3XQKY','a432738977e3ba72d4ebbb28429bd6efb3ce4f83ef4abe8e2f92e782db478acf','2026-06-22 02:07:19',NULL,'2026-06-22 00:37:19'),
('01KVNQJ90HT6SNQEBEY4YRFT9Q','01KVNQFNTSZNSE9WP5YKE3XQKY','88a32f124e6139b268f43624fa19e902ce18d8f6197664e1d085a27094c6c6a7','2026-06-22 02:07:25',NULL,'2026-06-22 00:37:25'),
('01KVNQNWJXQDR852C24BVZ4B1E','01KVNQFNTSZNSE9WP5YKE3XQKY','fd231530aa02d15009256b286035f7bafbc7d38a491cd80b7e0307c6f251be24','2026-06-22 02:09:23',NULL,'2026-06-22 00:39:23'),
('01KVNR8PSGSZDH6VYBJX96R78G','01KVNQFNTSZNSE9WP5YKE3XQKY','3e8d3e680a67eb97dba224b6f872d2a777c0d877a73f0acfc60af40eb78d3beb','2026-06-22 02:19:40',NULL,'2026-06-22 00:49:40'),
('01KVNRG4HNNZD3NPVHDSCRXX08','01KVNQFNTSZNSE9WP5YKE3XQKY','4b9deea0b496fa97ef42714a5626f79772a7b0c7322e3be98df483f2d9cad252','2026-06-22 02:23:43',NULL,'2026-06-22 00:53:43'),
('01KVNRK5SEFFAWQZVQZH2CKMTB','01KVNQFNTSZNSE9WP5YKE3XQKY','d6c81b71676842b62fc1aefb30acba6d7a13b20ee969a644859d418c72adea3c','2026-06-22 02:25:23',NULL,'2026-06-22 00:55:23'),
('01KVPDCJKWWN0JGZTSE7GT720G','01KVNRKQ1HW3YH0NRXQF744JK9','5ef20d6775b1d3093af493ee7e3b3b928e38da5169cb55b30d44f700281c9fde','2026-06-22 08:28:47',NULL,'2026-06-22 06:58:47'),
('01KVPDJS9H9H175BDK4Q2KWBBH','06F43H2S28KNWX71TSF7MWWTA4','75b30b06fbb6823bf817980c7946e68550e9089f876fab97473745c7e9562e16','2026-06-22 08:32:10',NULL,'2026-06-22 07:02:10'),
('01KVPE7FP6T3YNNFP99VAAQTW1','06F43H2S28KNWX71TSF7MWWTA4','2b7033524e313fcebbcc13fd86d6787873aadae6e1be19b2a4c3873c65a68ae4','2026-06-22 08:43:29',NULL,'2026-06-22 07:13:29'),
('01KVPE7NGHND94QS5AZXRJXN1D','01KVNRKQ1HW3YH0NRXQF744JK9','b8656056d314ff87df35881bf7f01637e811c2bdf4fa91a546a1aaad233976ab','2026-06-22 08:43:34',NULL,'2026-06-22 07:13:34'),
('01KVPED5JRAMSA2T6JA7H703RW','06F43H2S28KNWX71TSF7MWWTA4','1b13019fe65fe1e382d8ef5aa0993dd869f202e0452f33d976ab5fd6666545af','2026-06-22 08:46:35',NULL,'2026-06-22 07:16:35'),
('01KVPEFQATMNKAZT5PA4FE4AYA','06F43H2S28KNWX71TSF7MWWTA4','a6c0285734a62818b6fa9f971800f1accef27b1c9bcb07a0dc908c57332ab325','2026-06-22 08:47:59',NULL,'2026-06-22 07:17:59'),
('01KVPEG2XNRNZ18YEC3C92BZZY','01KVNRKQ1HW3YH0NRXQF744JK9','44b27094a53cf4ec793f4f7c32c6b43f6f7ee1f4c53b5948d49b06ef8b622a15','2026-06-22 08:48:10',NULL,'2026-06-22 07:18:10'),
('01KVPQ4NJP3YRBB2FVVEN83C31','01KVNRKQ1HW3YH0NRXQF744JK9','cee8d5080bab0e3bd4b78b5e4345df9b46e1088cf1ec50ae0d962b23d8654d4c','2026-06-22 11:19:13',NULL,'2026-06-22 09:49:13');
/*!40000 ALTER TABLE `access_tokens` ENABLE KEYS */;
UNLOCK TABLES;
COMMIT;
SET AUTOCOMMIT=@OLD_AUTOCOMMIT;

--
-- Table structure for table `cantons`
--

DROP TABLE IF EXISTS `cantons`;
/*!40101 SET @saved_cs_client     = @@character_set_client */;
/*!40101 SET character_set_client = utf8mb4 */;
CREATE TABLE `cantons` (
  `canton_id` char(26) NOT NULL,
  `province_snit_code` mediumint(9) unsigned NOT NULL,
  `canton_snit_code` mediumint(9) unsigned NOT NULL,
  `canton_name` varchar(55) NOT NULL,
  `created_at` timestamp NOT NULL DEFAULT current_timestamp(),
  `created_by` char(26) NOT NULL
) ENGINE=InnoDB DEFAULT CHARSET=utf8mb4 COLLATE=utf8mb4_general_ci;
/*!40101 SET character_set_client = @saved_cs_client */;

--
-- Dumping data for table `cantons`
--

SET @OLD_AUTOCOMMIT=@@AUTOCOMMIT, @@AUTOCOMMIT=0;
LOCK TABLES `cantons` WRITE;
/*!40000 ALTER TABLE `cantons` DISABLE KEYS */;
INSERT INTO `cantons` VALUES
('01KS0XQNTNRT61XB5V319X97TZ',1,101,'San José','2026-05-19 20:09:47','06F43H2S28KNWX71TSF7MWWTA4'),
('01KS0XQNTP3R0CXBH9QECFWAT4',1,102,'Escazú','2026-05-19 20:09:47','06F43H2S28KNWX71TSF7MWWTA4'),
('01KS0XQNTQBN2TJ8XE1TYYZ4Y1',1,103,'Desamparados','2026-05-19 20:09:47','06F43H2S28KNWX71TSF7MWWTA4'),
('01KS0XQNTR4GRYV9TQT75EPAY5',1,104,'Puriscal','2026-05-19 20:09:47','06F43H2S28KNWX71TSF7MWWTA4'),
('01KS0XQNTSDV09QJ5JVWME0R71',1,105,'Tarrazú','2026-05-19 20:09:47','06F43H2S28KNWX71TSF7MWWTA4'),
('01KS0XQNTSDV09QJ5JVWME0R72',1,106,'Aserrí','2026-05-19 20:09:47','06F43H2S28KNWX71TSF7MWWTA4'),
('01KS0XQNTTZ8R8ZY4ZKEABG8DJ',1,107,'Mora','2026-05-19 20:09:47','06F43H2S28KNWX71TSF7MWWTA4'),
('01KS0XQNTVR4ZSHEW4SEGTE5KB',1,108,'Goicoechea','2026-05-19 20:09:47','06F43H2S28KNWX71TSF7MWWTA4'),
('01KS0XQNTVR4ZSHEW4SEGTE5KC',1,109,'Santa Ana','2026-05-19 20:09:47','06F43H2S28KNWX71TSF7MWWTA4'),
('01KS0XQNTW9KDWT7673XWCJHM8',1,110,'Alajuelita','2026-05-19 20:09:47','06F43H2S28KNWX71TSF7MWWTA4'),
('01KS0XQNTX3PJYQNY81SNMFTG1',1,111,'Vázquez de Coronado','2026-05-19 20:09:47','06F43H2S28KNWX71TSF7MWWTA4'),
('01KS0XQNTX3PJYQNY81SNMFTG2',1,112,'Acosta','2026-05-19 20:09:47','06F43H2S28KNWX71TSF7MWWTA4'),
('01KS0XQNTYE9NZV759WZF9RFC1',1,113,'Tibás','2026-05-19 20:09:47','06F43H2S28KNWX71TSF7MWWTA4'),
('01KS0XQNTYE9NZV759WZF9RFC2',1,114,'Moravia','2026-05-19 20:09:47','06F43H2S28KNWX71TSF7MWWTA4'),
('01KS0XQNTZB1GCVX799Y35K465',1,115,'Montes de Oca','2026-05-19 20:09:47','06F43H2S28KNWX71TSF7MWWTA4'),
('01KS0XQNTZB1GCVX799Y35K466',1,116,'Turrubares','2026-05-19 20:09:47','06F43H2S28KNWX71TSF7MWWTA4'),
('01KS0XQNV01BHA83W45XEVMPVW',1,117,'Dota','2026-05-19 20:09:47','06F43H2S28KNWX71TSF7MWWTA4'),
('01KS0XQNV01BHA83W45XEVMPVX',1,118,'Curridabat','2026-05-19 20:09:47','06F43H2S28KNWX71TSF7MWWTA4'),
('01KS0XQNV1XV3M88F7YCBSZDKF',1,119,'Pérez Zeledón','2026-05-19 20:09:47','06F43H2S28KNWX71TSF7MWWTA4'),
('01KS0XQNV2ZNH8J0HS49K0BDRD',1,120,'León Cortés Castro','2026-05-19 20:09:47','06F43H2S28KNWX71TSF7MWWTA4'),
('01KS0XQNV2ZNH8J0HS49K0BDRE',2,201,'Alajuela','2026-05-19 20:09:47','06F43H2S28KNWX71TSF7MWWTA4'),
('01KS0XQNV3G1HM0NCT6GQ1JR4P',2,202,'San Ramón','2026-05-19 20:09:47','06F43H2S28KNWX71TSF7MWWTA4'),
('01KS0XQNV3G1HM0NCT6GQ1JR4Q',2,203,'Grecia','2026-05-19 20:09:47','06F43H2S28KNWX71TSF7MWWTA4'),
('01KS0XQNV46RMYHSVSTGW7N1CC',2,204,'San Mateo','2026-05-19 20:09:47','06F43H2S28KNWX71TSF7MWWTA4'),
('01KS0XQNV46RMYHSVSTGW7N1CD',2,205,'Atenas','2026-05-19 20:09:47','06F43H2S28KNWX71TSF7MWWTA4'),
('01KS0XQNV54KYXRVVJGB0M8JVE',2,206,'Naranjo','2026-05-19 20:09:47','06F43H2S28KNWX71TSF7MWWTA4'),
('01KS0XQNV63TT8CCF69863VWJK',2,207,'Palmares','2026-05-19 20:09:47','06F43H2S28KNWX71TSF7MWWTA4'),
('01KS0XQNV63TT8CCF69863VWJM',2,208,'Poás','2026-05-19 20:09:47','06F43H2S28KNWX71TSF7MWWTA4'),
('01KS0XQNV782FP324SY5Z6HANW',2,209,'Orotina','2026-05-19 20:09:47','06F43H2S28KNWX71TSF7MWWTA4'),
('01KS0XQNV782FP324SY5Z6HANX',2,210,'San Carlos','2026-05-19 20:09:47','06F43H2S28KNWX71TSF7MWWTA4'),
('01KS0XQNV8NY2AGEQYQ0S5G6BY',2,211,'Zarcero','2026-05-19 20:09:47','06F43H2S28KNWX71TSF7MWWTA4'),
('01KS0XQNV8NY2AGEQYQ0S5G6BZ',2,212,'Sarchí','2026-05-19 20:09:47','06F43H2S28KNWX71TSF7MWWTA4'),
('01KS0XQNV9B4V0FDFTHZST61W0',2,213,'Upala','2026-05-19 20:09:47','06F43H2S28KNWX71TSF7MWWTA4'),
('01KS0XQNV9B4V0FDFTHZST61W1',2,214,'Los Chiles','2026-05-19 20:09:47','06F43H2S28KNWX71TSF7MWWTA4'),
('01KS0XQNVAR0ZPA2WBC6Z7FJVZ',2,215,'Guatuso','2026-05-19 20:09:47','06F43H2S28KNWX71TSF7MWWTA4'),
('01KS0XQNVAR0ZPA2WBC6Z7FJW0',2,216,'Río Cuarto','2026-05-19 20:09:47','06F43H2S28KNWX71TSF7MWWTA4'),
('01KS0XQNVBKAWJ0FRTRYBDEBZ1',3,301,'Cartago','2026-05-19 20:09:47','06F43H2S28KNWX71TSF7MWWTA4'),
('01KS0XQNVBKAWJ0FRTRYBDEBZ2',3,302,'Paraíso','2026-05-19 20:09:47','06F43H2S28KNWX71TSF7MWWTA4'),
('01KS0XQNVBKAWJ0FRTRYBDEBZ3',3,303,'La Unión','2026-05-19 20:09:47','06F43H2S28KNWX71TSF7MWWTA4'),
('01KS0XQNVCEWE88HG7V90GS4S7',3,304,'Jiménez','2026-05-19 20:09:47','06F43H2S28KNWX71TSF7MWWTA4'),
('01KS0XQNVCEWE88HG7V90GS4S8',3,305,'Turrialba','2026-05-19 20:09:47','06F43H2S28KNWX71TSF7MWWTA4'),
('01KS0XQNVDY5FDEDZVG8GY8KD2',3,306,'Alvarado','2026-05-19 20:09:47','06F43H2S28KNWX71TSF7MWWTA4'),
('01KS0XQNVDY5FDEDZVG8GY8KD3',3,307,'Oreamuno','2026-05-19 20:09:47','06F43H2S28KNWX71TSF7MWWTA4'),
('01KS0XQNVEXXQ3GY5BVP9HPTKR',3,308,'El Guarco','2026-05-19 20:09:47','06F43H2S28KNWX71TSF7MWWTA4'),
('01KS0XQNVFWZDR61F57XEZNF5F',4,401,'Heredia','2026-05-19 20:09:47','06F43H2S28KNWX71TSF7MWWTA4'),
('01KS0XQNVFWZDR61F57XEZNF5G',4,402,'Barva','2026-05-19 20:09:47','06F43H2S28KNWX71TSF7MWWTA4'),
('01KS0XQNVGJ3EYS67WC38QSVVG',4,403,'Santo Domingo','2026-05-19 20:09:47','06F43H2S28KNWX71TSF7MWWTA4'),
('01KS0XQNVGJ3EYS67WC38QSVVH',4,404,'Santa Bárbara','2026-05-19 20:09:47','06F43H2S28KNWX71TSF7MWWTA4'),
('01KS0XQNVH9YM5YTZKKY07AQ2F',4,405,'San Rafael','2026-05-19 20:09:47','06F43H2S28KNWX71TSF7MWWTA4'),
('01KS0XQNVH9YM5YTZKKY07AQ2G',4,406,'San Isidro','2026-05-19 20:09:47','06F43H2S28KNWX71TSF7MWWTA4'),
('01KS0XQNVJV88ZATP2QC44PMGG',4,407,'Belén','2026-05-19 20:09:47','06F43H2S28KNWX71TSF7MWWTA4'),
('01KS0XQNVJV88ZATP2QC44PMGH',4,408,'Flores','2026-05-19 20:09:47','06F43H2S28KNWX71TSF7MWWTA4'),
('01KS0XQNVJV88ZATP2QC44PMGJ',4,409,'San Pablo','2026-05-19 20:09:47','06F43H2S28KNWX71TSF7MWWTA4'),
('01KS0XQNVK588TMGR8256CG8S9',4,410,'Sarapiquí','2026-05-19 20:09:47','06F43H2S28KNWX71TSF7MWWTA4'),
('01KS0XQNVK588TMGR8256CG8SA',5,501,'Liberia','2026-05-19 20:09:47','06F43H2S28KNWX71TSF7MWWTA4'),
('01KS0XQNVMNAH4371FBCGRQVRD',5,502,'Nicoya','2026-05-19 20:09:47','06F43H2S28KNWX71TSF7MWWTA4'),
('01KS0XQNVMNAH4371FBCGRQVRE',5,503,'Santa Cruz','2026-05-19 20:09:47','06F43H2S28KNWX71TSF7MWWTA4'),
('01KS0XQNVMNAH4371FBCGRQVRF',5,504,'Bagaces','2026-05-19 20:09:47','06F43H2S28KNWX71TSF7MWWTA4'),
('01KS0XQNVNHZEE6MNG5CXHSCWR',5,505,'Carrillo','2026-05-19 20:09:47','06F43H2S28KNWX71TSF7MWWTA4'),
('01KS0XQNVNHZEE6MNG5CXHSCWS',5,506,'Cañas','2026-05-19 20:09:47','06F43H2S28KNWX71TSF7MWWTA4'),
('01KS0XQNVNHZEE6MNG5CXHSCWT',5,507,'Abangares','2026-05-19 20:09:47','06F43H2S28KNWX71TSF7MWWTA4'),
('01KS0XQNVPA0NMBMX70A97TCWP',5,508,'Tilarán','2026-05-19 20:09:47','06F43H2S28KNWX71TSF7MWWTA4'),
('01KS0XQNVPA0NMBMX70A97TCWQ',5,509,'Nandayure','2026-05-19 20:09:47','06F43H2S28KNWX71TSF7MWWTA4'),
('01KS0XQNVQR0W5TXVPCGCGT178',5,510,'La Cruz','2026-05-19 20:09:47','06F43H2S28KNWX71TSF7MWWTA4'),
('01KS0XQNVQR0W5TXVPCGCGT179',5,511,'Hojancha','2026-05-19 20:09:47','06F43H2S28KNWX71TSF7MWWTA4'),
('01KS0XQNVR3R7C946FBXCVC065',6,601,'Puntarenas','2026-05-19 20:09:47','06F43H2S28KNWX71TSF7MWWTA4'),
('01KS0XQNVR3R7C946FBXCVC066',6,602,'Esparza','2026-05-19 20:09:47','06F43H2S28KNWX71TSF7MWWTA4'),
('01KS0XQNVS4J2XYQB9KSZS3J1F',6,603,'Buenos Aires','2026-05-19 20:09:47','06F43H2S28KNWX71TSF7MWWTA4'),
('01KS0XQNVTG6231PCF6Y488KDJ',6,604,'Montes de Oro','2026-05-19 20:09:47','06F43H2S28KNWX71TSF7MWWTA4'),
('01KS0XQNVTG6231PCF6Y488KDK',6,605,'Osa','2026-05-19 20:09:47','06F43H2S28KNWX71TSF7MWWTA4'),
('01KS0XQNVVK7VK57AQ4F3XT5NX',6,606,'Quepos','2026-05-19 20:09:47','06F43H2S28KNWX71TSF7MWWTA4'),
('01KS0XQNVVK7VK57AQ4F3XT5NY',6,607,'Golfito','2026-05-19 20:09:47','06F43H2S28KNWX71TSF7MWWTA4'),
('01KS0XQNVW6JT7BBYC44V2RCDK',6,608,'Coto Brus','2026-05-19 20:09:47','06F43H2S28KNWX71TSF7MWWTA4'),
('01KS0XQNVW6JT7BBYC44V2RCDM',6,609,'Parrita','2026-05-19 20:09:47','06F43H2S28KNWX71TSF7MWWTA4'),
('01KS0XQNVX966ST6W5N9WZ624G',6,610,'Corredores','2026-05-19 20:09:47','06F43H2S28KNWX71TSF7MWWTA4'),
('01KS0XQNVX966ST6W5N9WZ624H',6,611,'Garabito','2026-05-19 20:09:47','06F43H2S28KNWX71TSF7MWWTA4'),
('01KS0XQNVY6WZB831MABVZK3CN',6,612,'Monteverde','2026-05-19 20:09:47','06F43H2S28KNWX71TSF7MWWTA4'),
('01KS0XQNVY6WZB831MABVZK3CP',6,613,'Puerto Jiménez','2026-05-19 20:09:47','06F43H2S28KNWX71TSF7MWWTA4'),
('01KS0XQNVZRCFJGY2H42KC4KP6',7,701,'Limón','2026-05-19 20:09:47','06F43H2S28KNWX71TSF7MWWTA4'),
('01KS0XQNVZRCFJGY2H42KC4KP7',7,702,'Pococí','2026-05-19 20:09:47','06F43H2S28KNWX71TSF7MWWTA4'),
('01KS0XQNVZRCFJGY2H42KC4KP8',7,703,'Siquirres','2026-05-19 20:09:47','06F43H2S28KNWX71TSF7MWWTA4'),
('01KS0XQNW05NMMXQAMEVPPRVFH',7,704,'Talamanca','2026-05-19 20:09:47','06F43H2S28KNWX71TSF7MWWTA4'),
('01KS0XQNW05NMMXQAMEVPPRVFJ',7,705,'Matina','2026-05-19 20:09:47','06F43H2S28KNWX71TSF7MWWTA4'),
('01KS0XQNW05NMMXQAMEVPPRVFK',7,706,'Guácimo','2026-05-19 20:09:47','06F43H2S28KNWX71TSF7MWWTA4'),
('01KVMEJ3ZG895G53RTKRVRG7RA',8,809,'ninguno','2026-06-21 06:40:48','06F43H2S28KNWX71TSF7MWWTA4');
/*!40000 ALTER TABLE `cantons` ENABLE KEYS */;
UNLOCK TABLES;
COMMIT;
SET AUTOCOMMIT=@OLD_AUTOCOMMIT;

--
-- Table structure for table `districts`
--

DROP TABLE IF EXISTS `districts`;
/*!40101 SET @saved_cs_client     = @@character_set_client */;
/*!40101 SET character_set_client = utf8mb4 */;
CREATE TABLE `districts` (
  `district_id` char(26) NOT NULL,
  `canton_snit_code` mediumint(9) unsigned NOT NULL,
  `district_snit_code` mediumint(9) unsigned NOT NULL,
  `district_name` varchar(55) NOT NULL,
  `created_at` timestamp NOT NULL DEFAULT current_timestamp(),
  `created_by` char(26) NOT NULL
) ENGINE=InnoDB DEFAULT CHARSET=utf8mb4 COLLATE=utf8mb4_general_ci;
/*!40101 SET character_set_client = @saved_cs_client */;

--
-- Dumping data for table `districts`
--

SET @OLD_AUTOCOMMIT=@@AUTOCOMMIT, @@AUTOCOMMIT=0;
LOCK TABLES `districts` WRITE;
/*!40000 ALTER TABLE `districts` DISABLE KEYS */;
INSERT INTO `districts` VALUES
('01KS0XQNW1SJ7AD1F042FFGN1B',101,10101,'Carmen','2026-05-19 20:09:47','06F43H2S28KNWX71TSF7MWWTA4'),
('01KS0XQNW1SJ7AD1F042FFGN1C',101,10102,'Merced','2026-05-19 20:09:47','06F43H2S28KNWX71TSF7MWWTA4'),
('01KS0XQNW2HHWD6P81ASCVHYXW',101,10103,'Hospital','2026-05-19 20:09:47','06F43H2S28KNWX71TSF7MWWTA4'),
('01KS0XQNW3C342QAZ6RBM8B7FV',101,10104,'Catedral','2026-05-19 20:09:47','06F43H2S28KNWX71TSF7MWWTA4'),
('01KS0XQNW3C342QAZ6RBM8B7FW',101,10105,'Zapote','2026-05-19 20:09:47','06F43H2S28KNWX71TSF7MWWTA4'),
('01KS0XQNW3C342QAZ6RBM8B7FX',101,10106,'San Francisco de Dos Ríos','2026-05-19 20:09:47','06F43H2S28KNWX71TSF7MWWTA4'),
('01KS0XQNW4KM4HWJGKQS01X1Q7',101,10107,'Uruca','2026-05-19 20:09:47','06F43H2S28KNWX71TSF7MWWTA4'),
('01KS0XQNW4KM4HWJGKQS01X1Q8',101,10108,'Mata Redonda','2026-05-19 20:09:47','06F43H2S28KNWX71TSF7MWWTA4'),
('01KS0XQNW4KM4HWJGKQS01X1Q9',101,10109,'Pavas','2026-05-19 20:09:47','06F43H2S28KNWX71TSF7MWWTA4'),
('01KS0XQNW503W15KBA5EQ1P29F',101,10110,'Hatillo','2026-05-19 20:09:47','06F43H2S28KNWX71TSF7MWWTA4'),
('01KS0XQNW503W15KBA5EQ1P29G',101,10111,'San Sebastián','2026-05-19 20:09:47','06F43H2S28KNWX71TSF7MWWTA4'),
('01KS0XQNW503W15KBA5EQ1P29H',102,10201,'Escazú','2026-05-19 20:09:47','06F43H2S28KNWX71TSF7MWWTA4'),
('01KS0XQNW6F00FHRJQT0QE4TPK',102,10202,'San Antonio','2026-05-19 20:09:47','06F43H2S28KNWX71TSF7MWWTA4'),
('01KS0XQNW6F00FHRJQT0QE4TPM',102,10203,'San Rafael','2026-05-19 20:09:47','06F43H2S28KNWX71TSF7MWWTA4'),
('01KS0XQNW6F00FHRJQT0QE4TPN',103,10301,'Desamparados','2026-05-19 20:09:47','06F43H2S28KNWX71TSF7MWWTA4'),
('01KS0XQNW7ZM9JGTTGSV87WP94',103,10302,'San Miguel','2026-05-19 20:09:47','06F43H2S28KNWX71TSF7MWWTA4'),
('01KS0XQNW7ZM9JGTTGSV87WP95',103,10303,'San Juan de Dios','2026-05-19 20:09:47','06F43H2S28KNWX71TSF7MWWTA4'),
('01KS0XQNW8HWKJ9N775FQ24W2V',103,10304,'San Rafael Arriba','2026-05-19 20:09:47','06F43H2S28KNWX71TSF7MWWTA4'),
('01KS0XQNW8HWKJ9N775FQ24W2W',103,10305,'San Antonio','2026-05-19 20:09:47','06F43H2S28KNWX71TSF7MWWTA4'),
('01KS0XQNW8HWKJ9N775FQ24W2X',103,10306,'Frailes','2026-05-19 20:09:47','06F43H2S28KNWX71TSF7MWWTA4'),
('01KS0XQNW9A7M4GNENP6AE47JP',103,10307,'Patarrá','2026-05-19 20:09:47','06F43H2S28KNWX71TSF7MWWTA4'),
('01KS0XQNW9A7M4GNENP6AE47JQ',103,10308,'San Cristobal','2026-05-19 20:09:47','06F43H2S28KNWX71TSF7MWWTA4'),
('01KS0XQNW9A7M4GNENP6AE47JR',103,10309,'Rosario','2026-05-19 20:09:47','06F43H2S28KNWX71TSF7MWWTA4'),
('01KS0XQNWAB22GFFAKKMNNG0PB',103,10310,'Damas','2026-05-19 20:09:47','06F43H2S28KNWX71TSF7MWWTA4'),
('01KS0XQNWAB22GFFAKKMNNG0PC',103,10311,'San Rafael Abajo','2026-05-19 20:09:47','06F43H2S28KNWX71TSF7MWWTA4'),
('01KS0XQNWAB22GFFAKKMNNG0PD',103,10312,'Gravilias','2026-05-19 20:09:47','06F43H2S28KNWX71TSF7MWWTA4'),
('01KS0XQNWB50T0FX1GG4ZZ3SSD',103,10313,'Los Guido','2026-05-19 20:09:47','06F43H2S28KNWX71TSF7MWWTA4'),
('01KS0XQNWB50T0FX1GG4ZZ3SSE',104,10401,'Santiago','2026-05-19 20:09:47','06F43H2S28KNWX71TSF7MWWTA4'),
('01KS0XQNWB50T0FX1GG4ZZ3SSF',104,10402,'Mercedes Sur','2026-05-19 20:09:47','06F43H2S28KNWX71TSF7MWWTA4'),
('01KS0XQNWCK89S17ZDYZXX5PPQ',104,10403,'Barbacoas','2026-05-19 20:09:47','06F43H2S28KNWX71TSF7MWWTA4'),
('01KS0XQNWCK89S17ZDYZXX5PPR',104,10404,'Grifo Alto','2026-05-19 20:09:47','06F43H2S28KNWX71TSF7MWWTA4'),
('01KS0XQNWDF1BTKQ9TPT88E2RN',104,10405,'San Rafael','2026-05-19 20:09:47','06F43H2S28KNWX71TSF7MWWTA4'),
('01KS0XQNWDF1BTKQ9TPT88E2RP',104,10406,'Candelarita','2026-05-19 20:09:47','06F43H2S28KNWX71TSF7MWWTA4'),
('01KS0XQNWDF1BTKQ9TPT88E2RQ',104,10407,'Desamparaditos','2026-05-19 20:09:47','06F43H2S28KNWX71TSF7MWWTA4'),
('01KS0XQNWENWAK8425Z4F80KXA',104,10408,'San Antonio','2026-05-19 20:09:47','06F43H2S28KNWX71TSF7MWWTA4'),
('01KS0XQNWENWAK8425Z4F80KXB',104,10409,'Chires','2026-05-19 20:09:47','06F43H2S28KNWX71TSF7MWWTA4'),
('01KS0XQNWFR47VCKXP4MGQMY5N',105,10501,'San Marcos','2026-05-19 20:09:47','06F43H2S28KNWX71TSF7MWWTA4'),
('01KS0XQNWFR47VCKXP4MGQMY5P',105,10502,'San Lorenzo','2026-05-19 20:09:47','06F43H2S28KNWX71TSF7MWWTA4'),
('01KS0XQNWFR47VCKXP4MGQMY5Q',105,10503,'San Carlos','2026-05-19 20:09:47','06F43H2S28KNWX71TSF7MWWTA4'),
('01KS0XQNWG2WABDKVAAEQHHEHY',106,10601,'Aserrí','2026-05-19 20:09:47','06F43H2S28KNWX71TSF7MWWTA4'),
('01KS0XQNWG2WABDKVAAEQHHEHZ',106,10602,'Tarbaca','2026-05-19 20:09:47','06F43H2S28KNWX71TSF7MWWTA4'),
('01KS0XQNWG2WABDKVAAEQHHEJ0',106,10603,'Vuelta de Jorco','2026-05-19 20:09:47','06F43H2S28KNWX71TSF7MWWTA4'),
('01KS0XQNWHCJ0V1N9HJMJMSC1N',106,10604,'San Gabriel','2026-05-19 20:09:47','06F43H2S28KNWX71TSF7MWWTA4'),
('01KS0XQNWHCJ0V1N9HJMJMSC1P',106,10605,'Legua','2026-05-19 20:09:47','06F43H2S28KNWX71TSF7MWWTA4'),
('01KS0XQNWHCJ0V1N9HJMJMSC1Q',106,10606,'Monterrey','2026-05-19 20:09:47','06F43H2S28KNWX71TSF7MWWTA4'),
('01KS0XQNWJ9V0F97MH8MF7DHE9',106,10607,'Salitrillos','2026-05-19 20:09:47','06F43H2S28KNWX71TSF7MWWTA4'),
('01KS0XQNWJ9V0F97MH8MF7DHEA',107,10701,'Colón','2026-05-19 20:09:47','06F43H2S28KNWX71TSF7MWWTA4'),
('01KS0XQNWJ9V0F97MH8MF7DHEB',107,10702,'Guayabo','2026-05-19 20:09:47','06F43H2S28KNWX71TSF7MWWTA4'),
('01KS0XQNWKP2Q349C1G6B15VSQ',107,10703,'Tabarcia','2026-05-19 20:09:47','06F43H2S28KNWX71TSF7MWWTA4'),
('01KS0XQNWKP2Q349C1G6B15VSR',107,10704,'Piedras Negras','2026-05-19 20:09:47','06F43H2S28KNWX71TSF7MWWTA4'),
('01KS0XQNWKP2Q349C1G6B15VSS',107,10705,'Picagres','2026-05-19 20:09:47','06F43H2S28KNWX71TSF7MWWTA4'),
('01KS0XQNWMHJ2EVMMKJMAE4XD0',107,10706,'Jaris','2026-05-19 20:09:47','06F43H2S28KNWX71TSF7MWWTA4'),
('01KS0XQNWMHJ2EVMMKJMAE4XD1',107,10707,'Quitirrisí','2026-05-19 20:09:47','06F43H2S28KNWX71TSF7MWWTA4'),
('01KS0XQNWMHJ2EVMMKJMAE4XD2',108,10801,'Guadalupe','2026-05-19 20:09:47','06F43H2S28KNWX71TSF7MWWTA4'),
('01KS0XQNWNV36JMGCCE6E2ZQVE',108,10802,'San Francisco','2026-05-19 20:09:47','06F43H2S28KNWX71TSF7MWWTA4'),
('01KS0XQNWNV36JMGCCE6E2ZQVF',108,10803,'Calle Blancos','2026-05-19 20:09:47','06F43H2S28KNWX71TSF7MWWTA4'),
('01KS0XQNWNV36JMGCCE6E2ZQVG',108,10804,'Mata de Plátano','2026-05-19 20:09:47','06F43H2S28KNWX71TSF7MWWTA4'),
('01KS0XQNWNV36JMGCCE6E2ZQVH',108,10805,'Ipís','2026-05-19 20:09:47','06F43H2S28KNWX71TSF7MWWTA4'),
('01KS0XQNWPQHKZQP6NQ3SK2XZ9',108,10806,'Rancho Redondo','2026-05-19 20:09:47','06F43H2S28KNWX71TSF7MWWTA4'),
('01KS0XQNWPQHKZQP6NQ3SK2XZA',108,10807,'Purral','2026-05-19 20:09:47','06F43H2S28KNWX71TSF7MWWTA4'),
('01KS0XQNWPQHKZQP6NQ3SK2XZB',109,10901,'Santa Ana','2026-05-19 20:09:47','06F43H2S28KNWX71TSF7MWWTA4'),
('01KS0XQNWQX2GCXDBQTG7M4QBP',109,10902,'Salitral','2026-05-19 20:09:47','06F43H2S28KNWX71TSF7MWWTA4'),
('01KS0XQNWQX2GCXDBQTG7M4QBQ',109,10903,'Pozos','2026-05-19 20:09:47','06F43H2S28KNWX71TSF7MWWTA4'),
('01KS0XQNWQX2GCXDBQTG7M4QBR',109,10904,'Uruca','2026-05-19 20:09:47','06F43H2S28KNWX71TSF7MWWTA4'),
('01KS0XQNWR67DPESHH4PBZZ0QR',109,10905,'Piedades','2026-05-19 20:09:47','06F43H2S28KNWX71TSF7MWWTA4'),
('01KS0XQNWR67DPESHH4PBZZ0QS',109,10906,'Brasil','2026-05-19 20:09:47','06F43H2S28KNWX71TSF7MWWTA4'),
('01KS0XQNWR67DPESHH4PBZZ0QT',110,11001,'Alajuelita','2026-05-19 20:09:47','06F43H2S28KNWX71TSF7MWWTA4'),
('01KS0XQNWSMRF1C59DWD43AQR2',110,11002,'San Josecito','2026-05-19 20:09:47','06F43H2S28KNWX71TSF7MWWTA4'),
('01KS0XQNWSMRF1C59DWD43AQR3',110,11003,'San Antonio','2026-05-19 20:09:47','06F43H2S28KNWX71TSF7MWWTA4'),
('01KS0XQNWSMRF1C59DWD43AQR4',110,11004,'Concepción','2026-05-19 20:09:47','06F43H2S28KNWX71TSF7MWWTA4'),
('01KS0XQNWT1D5P416G36G57AG0',110,11005,'San Felipe','2026-05-19 20:09:47','06F43H2S28KNWX71TSF7MWWTA4'),
('01KS0XQNWT1D5P416G36G57AG1',111,11101,'San Isidro','2026-05-19 20:09:47','06F43H2S28KNWX71TSF7MWWTA4'),
('01KS0XQNWT1D5P416G36G57AG2',111,11102,'San Rafael','2026-05-19 20:09:47','06F43H2S28KNWX71TSF7MWWTA4'),
('01KS0XQNWVSR8M2233F2751F89',111,11103,'Dulce Nombre de Jesús','2026-05-19 20:09:47','06F43H2S28KNWX71TSF7MWWTA4'),
('01KS0XQNWVSR8M2233F2751F8A',111,11104,'Patalillo','2026-05-19 20:09:47','06F43H2S28KNWX71TSF7MWWTA4'),
('01KS0XQNWVSR8M2233F2751F8B',111,11105,'Cascajal','2026-05-19 20:09:47','06F43H2S28KNWX71TSF7MWWTA4'),
('01KS0XQNWWHZNYHQ236Z156XKZ',112,11201,'San Ignacio','2026-05-19 20:09:47','06F43H2S28KNWX71TSF7MWWTA4'),
('01KS0XQNWWHZNYHQ236Z156XM0',112,11202,'Guaitil','2026-05-19 20:09:47','06F43H2S28KNWX71TSF7MWWTA4'),
('01KS0XQNWWHZNYHQ236Z156XM1',112,11203,'Palmichal','2026-05-19 20:09:47','06F43H2S28KNWX71TSF7MWWTA4'),
('01KS0XQNWWHZNYHQ236Z156XM2',112,11204,'Cangrejal','2026-05-19 20:09:47','06F43H2S28KNWX71TSF7MWWTA4'),
('01KS0XQNWX3J89BF2FFFDESDDP',112,11205,'Sabanillas','2026-05-19 20:09:47','06F43H2S28KNWX71TSF7MWWTA4'),
('01KS0XQNWX3J89BF2FFFDESDDQ',113,11301,'San Juan','2026-05-19 20:09:47','06F43H2S28KNWX71TSF7MWWTA4'),
('01KS0XQNWX3J89BF2FFFDESDDR',113,11302,'Cinco Esquinas','2026-05-19 20:09:47','06F43H2S28KNWX71TSF7MWWTA4'),
('01KS0XQNWYF8GETX84WQ4HFVD0',113,11303,'Anselmo Llorente','2026-05-19 20:09:47','06F43H2S28KNWX71TSF7MWWTA4'),
('01KS0XQNWYF8GETX84WQ4HFVD1',113,11304,'León XIII','2026-05-19 20:09:47','06F43H2S28KNWX71TSF7MWWTA4'),
('01KS0XQNWYF8GETX84WQ4HFVD2',113,11305,'Colima','2026-05-19 20:09:47','06F43H2S28KNWX71TSF7MWWTA4'),
('01KS0XQNWZ8H616B35S137HYXZ',114,11401,'San Vicente','2026-05-19 20:09:47','06F43H2S28KNWX71TSF7MWWTA4'),
('01KS0XQNWZ8H616B35S137HYY0',114,11402,'San Jerónimo','2026-05-19 20:09:47','06F43H2S28KNWX71TSF7MWWTA4'),
('01KS0XQNWZ8H616B35S137HYY1',114,11403,'La Trinidad','2026-05-19 20:09:47','06F43H2S28KNWX71TSF7MWWTA4'),
('01KS0XQNX0GFA4FYEKR4677SCP',115,11501,'San Pedro','2026-05-19 20:09:47','06F43H2S28KNWX71TSF7MWWTA4'),
('01KS0XQNX0GFA4FYEKR4677SCQ',115,11502,'Sabanilla','2026-05-19 20:09:47','06F43H2S28KNWX71TSF7MWWTA4'),
('01KS0XQNX0GFA4FYEKR4677SCR',115,11503,'Mercedes','2026-05-19 20:09:47','06F43H2S28KNWX71TSF7MWWTA4'),
('01KS0XQNX0GFA4FYEKR4677SCS',115,11504,'San Rafael','2026-05-19 20:09:47','06F43H2S28KNWX71TSF7MWWTA4'),
('01KS0XQNX1HZRDDM549QWEW8TR',116,11601,'San Pablo','2026-05-19 20:09:47','06F43H2S28KNWX71TSF7MWWTA4'),
('01KS0XQNX1HZRDDM549QWEW8TS',116,11602,'San Pedro','2026-05-19 20:09:47','06F43H2S28KNWX71TSF7MWWTA4'),
('01KS0XQNX1HZRDDM549QWEW8TT',116,11603,'San Juan de Mata','2026-05-19 20:09:47','06F43H2S28KNWX71TSF7MWWTA4'),
('01KS0XQNX24EBY1V34CCAN75YD',116,11604,'San Luis','2026-05-19 20:09:47','06F43H2S28KNWX71TSF7MWWTA4'),
('01KS0XQNX24EBY1V34CCAN75YE',116,11605,'Carara','2026-05-19 20:09:47','06F43H2S28KNWX71TSF7MWWTA4'),
('01KS0XQNX24EBY1V34CCAN75YF',117,11701,'Santa María','2026-05-19 20:09:47','06F43H2S28KNWX71TSF7MWWTA4'),
('01KS0XQNX3HHVH09ZG3CZMT370',117,11702,'Jardín','2026-05-19 20:09:47','06F43H2S28KNWX71TSF7MWWTA4'),
('01KS0XQNX3HHVH09ZG3CZMT371',117,11703,'Copey','2026-05-19 20:09:47','06F43H2S28KNWX71TSF7MWWTA4'),
('01KS0XQNX3HHVH09ZG3CZMT372',118,11801,'Curridabat','2026-05-19 20:09:47','06F43H2S28KNWX71TSF7MWWTA4'),
('01KS0XQNX49YS1AEZG79BZXQFJ',118,11802,'Granadilla','2026-05-19 20:09:47','06F43H2S28KNWX71TSF7MWWTA4'),
('01KS0XQNX49YS1AEZG79BZXQFK',118,11803,'Sánchez','2026-05-19 20:09:47','06F43H2S28KNWX71TSF7MWWTA4'),
('01KS0XQNX49YS1AEZG79BZXQFM',118,11804,'Tirrases','2026-05-19 20:09:47','06F43H2S28KNWX71TSF7MWWTA4'),
('01KS0XQNX52V2DPAZHKTJZCT8Z',119,11901,'San Isidro de El General','2026-05-19 20:09:47','06F43H2S28KNWX71TSF7MWWTA4'),
('01KS0XQNX52V2DPAZHKTJZCT90',119,11902,'El General','2026-05-19 20:09:47','06F43H2S28KNWX71TSF7MWWTA4'),
('01KS0XQNX6MN6KK189KP7T1YTF',119,11903,'Daniel Flores','2026-05-19 20:09:47','06F43H2S28KNWX71TSF7MWWTA4'),
('01KS0XQNX6MN6KK189KP7T1YTG',119,11904,'Rivas','2026-05-19 20:09:47','06F43H2S28KNWX71TSF7MWWTA4'),
('01KS0XQNX6MN6KK189KP7T1YTH',119,11905,'San Pedro','2026-05-19 20:09:47','06F43H2S28KNWX71TSF7MWWTA4'),
('01KS0XQNX7N9WVAKKN8V7EH5T7',119,11906,'Platanares','2026-05-19 20:09:47','06F43H2S28KNWX71TSF7MWWTA4'),
('01KS0XQNX7N9WVAKKN8V7EH5T8',119,11907,'Pejivalle','2026-05-19 20:09:47','06F43H2S28KNWX71TSF7MWWTA4'),
('01KS0XQNX7N9WVAKKN8V7EH5T9',119,11908,'Cajón','2026-05-19 20:09:47','06F43H2S28KNWX71TSF7MWWTA4'),
('01KS0XQNX8RMQ217S6D0SYR8FM',119,11909,'Barú','2026-05-19 20:09:47','06F43H2S28KNWX71TSF7MWWTA4'),
('01KS0XQNX8RMQ217S6D0SYR8FN',119,11910,'Río Nuevo','2026-05-19 20:09:47','06F43H2S28KNWX71TSF7MWWTA4'),
('01KS0XQNX9931YK1XVY7B8ZCZM',119,11911,'Páramo','2026-05-19 20:09:47','06F43H2S28KNWX71TSF7MWWTA4'),
('01KS0XQNXAQG20DV3E4DFJXFPH',119,11912,'La  Amistad','2026-05-19 20:09:47','06F43H2S28KNWX71TSF7MWWTA4'),
('01KS0XQNXAQG20DV3E4DFJXFPJ',120,12001,'San Pablo','2026-05-19 20:09:47','06F43H2S28KNWX71TSF7MWWTA4'),
('01KS0XQNXAQG20DV3E4DFJXFPK',120,12002,'San Andrés','2026-05-19 20:09:47','06F43H2S28KNWX71TSF7MWWTA4'),
('01KS0XQNXBZAE0Z2BB6FWV17NH',120,12003,'Llano Bonito','2026-05-19 20:09:47','06F43H2S28KNWX71TSF7MWWTA4'),
('01KS0XQNXBZAE0Z2BB6FWV17NJ',120,12004,'San Isidro','2026-05-19 20:09:47','06F43H2S28KNWX71TSF7MWWTA4'),
('01KS0XQNXC58H44QWPRJZSPNGT',120,12005,'Santa Cruz','2026-05-19 20:09:47','06F43H2S28KNWX71TSF7MWWTA4'),
('01KS0XQNXC58H44QWPRJZSPNGV',120,12006,'San Antonio','2026-05-19 20:09:47','06F43H2S28KNWX71TSF7MWWTA4'),
('01KS0XQNXC58H44QWPRJZSPNGW',201,20101,'Alajuela','2026-05-19 20:09:47','06F43H2S28KNWX71TSF7MWWTA4'),
('01KS0XQNXDKYN01QVR1EJ788YA',201,20102,'San José','2026-05-19 20:09:47','06F43H2S28KNWX71TSF7MWWTA4'),
('01KS0XQNXDKYN01QVR1EJ788YB',201,20103,'Carrizal','2026-05-19 20:09:47','06F43H2S28KNWX71TSF7MWWTA4'),
('01KS0XQNXDKYN01QVR1EJ788YC',201,20104,'San Antonio','2026-05-19 20:09:47','06F43H2S28KNWX71TSF7MWWTA4'),
('01KS0XQNXEZRB80ED082GVXVAT',201,20105,'Guácima','2026-05-19 20:09:47','06F43H2S28KNWX71TSF7MWWTA4'),
('01KS0XQNXEZRB80ED082GVXVAV',201,20106,'San Isidro','2026-05-19 20:09:47','06F43H2S28KNWX71TSF7MWWTA4'),
('01KS0XQNXEZRB80ED082GVXVAW',201,20107,'Sabanilla','2026-05-19 20:09:47','06F43H2S28KNWX71TSF7MWWTA4'),
('01KS0XQNXFB70G737N663XF0QP',201,20108,'San Rafael','2026-05-19 20:09:47','06F43H2S28KNWX71TSF7MWWTA4'),
('01KS0XQNXFB70G737N663XF0QQ',201,20109,'Río Segundo','2026-05-19 20:09:47','06F43H2S28KNWX71TSF7MWWTA4'),
('01KS0XQNXGHC3RSV7ZYXMN52J4',201,20110,'Desamparados','2026-05-19 20:09:47','06F43H2S28KNWX71TSF7MWWTA4'),
('01KS0XQNXGHC3RSV7ZYXMN52J5',201,20111,'Turrúcares','2026-05-19 20:09:47','06F43H2S28KNWX71TSF7MWWTA4'),
('01KS0XQNXGHC3RSV7ZYXMN52J6',201,20112,'Tambor','2026-05-19 20:09:47','06F43H2S28KNWX71TSF7MWWTA4'),
('01KS0XQNXH5RXBPP4ADF6BHY7G',201,20113,'Garita','2026-05-19 20:09:47','06F43H2S28KNWX71TSF7MWWTA4'),
('01KS0XQNXH5RXBPP4ADF6BHY7H',201,20114,'Sarapiquí','2026-05-19 20:09:47','06F43H2S28KNWX71TSF7MWWTA4'),
('01KS0XQNXH5RXBPP4ADF6BHY7J',202,20201,'San Ramón','2026-05-19 20:09:47','06F43H2S28KNWX71TSF7MWWTA4'),
('01KS0XQNXJASPVY3KCQY80HCZ7',202,20202,'Santiago','2026-05-19 20:09:47','06F43H2S28KNWX71TSF7MWWTA4'),
('01KS0XQNXJASPVY3KCQY80HCZ8',202,20203,'San Juan','2026-05-19 20:09:47','06F43H2S28KNWX71TSF7MWWTA4'),
('01KS0XQNXJASPVY3KCQY80HCZ9',202,20204,'Piedades Norte','2026-05-19 20:09:47','06F43H2S28KNWX71TSF7MWWTA4'),
('01KS0XQNXK9B9D7AYCY0RJYFTZ',202,20205,'Piedades Sur','2026-05-19 20:09:47','06F43H2S28KNWX71TSF7MWWTA4'),
('01KS0XQNXK9B9D7AYCY0RJYFV0',202,20206,'San Rafael','2026-05-19 20:09:47','06F43H2S28KNWX71TSF7MWWTA4'),
('01KS0XQNXK9B9D7AYCY0RJYFV1',202,20207,'San Isidro','2026-05-19 20:09:47','06F43H2S28KNWX71TSF7MWWTA4'),
('01KS0XQNXMAEN9VNYQZ9EK6A64',202,20208,'Ángeles','2026-05-19 20:09:47','06F43H2S28KNWX71TSF7MWWTA4'),
('01KS0XQNXMAEN9VNYQZ9EK6A65',202,20209,'Alfaro','2026-05-19 20:09:47','06F43H2S28KNWX71TSF7MWWTA4'),
('01KS0XQNXMAEN9VNYQZ9EK6A66',202,20210,'Volio','2026-05-19 20:09:47','06F43H2S28KNWX71TSF7MWWTA4'),
('01KS0XQNXNQZRBZT3SGJ8B44RZ',202,20211,'Concepción','2026-05-19 20:09:47','06F43H2S28KNWX71TSF7MWWTA4'),
('01KS0XQNXNQZRBZT3SGJ8B44S0',202,20212,'Zapotal','2026-05-19 20:09:47','06F43H2S28KNWX71TSF7MWWTA4'),
('01KS0XQNXNQZRBZT3SGJ8B44S1',202,20213,'Peñas Blancas','2026-05-19 20:09:47','06F43H2S28KNWX71TSF7MWWTA4'),
('01KS0XQNXPEPEGZQK9SDEY4CEE',202,20214,'San Lorenzo','2026-05-19 20:09:47','06F43H2S28KNWX71TSF7MWWTA4'),
('01KS0XQNXPEPEGZQK9SDEY4CEF',203,20301,'Grecia','2026-05-19 20:09:47','06F43H2S28KNWX71TSF7MWWTA4'),
('01KS0XQNXPEPEGZQK9SDEY4CEG',203,20302,'San Isidro','2026-05-19 20:09:47','06F43H2S28KNWX71TSF7MWWTA4'),
('01KS0XQNXQK22ZA8PBYEC6K0AC',203,20303,'San José','2026-05-19 20:09:47','06F43H2S28KNWX71TSF7MWWTA4'),
('01KS0XQNXQK22ZA8PBYEC6K0AD',203,20304,'San Roque','2026-05-19 20:09:47','06F43H2S28KNWX71TSF7MWWTA4'),
('01KS0XQNXQK22ZA8PBYEC6K0AE',203,20305,'Tacares','2026-05-19 20:09:47','06F43H2S28KNWX71TSF7MWWTA4'),
('01KS0XQNXRFZWK59C139DZ19QV',203,20307,'Puente de Piedra','2026-05-19 20:09:47','06F43H2S28KNWX71TSF7MWWTA4'),
('01KS0XQNXRFZWK59C139DZ19QW',203,20308,'Bolivar','2026-05-19 20:09:47','06F43H2S28KNWX71TSF7MWWTA4'),
('01KS0XQNXRFZWK59C139DZ19QX',204,20401,'San Mateo','2026-05-19 20:09:47','06F43H2S28KNWX71TSF7MWWTA4'),
('01KS0XQNXSYFAT61Q9JY426Y26',204,20402,'Desmonte','2026-05-19 20:09:47','06F43H2S28KNWX71TSF7MWWTA4'),
('01KS0XQNXSYFAT61Q9JY426Y27',204,20403,'Jesús María','2026-05-19 20:09:47','06F43H2S28KNWX71TSF7MWWTA4'),
('01KS0XQNXSYFAT61Q9JY426Y28',204,20404,'Labrador','2026-05-19 20:09:47','06F43H2S28KNWX71TSF7MWWTA4'),
('01KS0XQNXTESMSTKJ2DGGE9AEJ',205,20501,'Atenas','2026-05-19 20:09:47','06F43H2S28KNWX71TSF7MWWTA4'),
('01KS0XQNXTESMSTKJ2DGGE9AEK',205,20502,'Jesús','2026-05-19 20:09:47','06F43H2S28KNWX71TSF7MWWTA4'),
('01KS0XQNXTESMSTKJ2DGGE9AEM',205,20503,'Mercedes','2026-05-19 20:09:47','06F43H2S28KNWX71TSF7MWWTA4'),
('01KS0XQNXVXBD3FG3DKFKVHM0Z',205,20504,'San Isidro','2026-05-19 20:09:47','06F43H2S28KNWX71TSF7MWWTA4'),
('01KS0XQNXVXBD3FG3DKFKVHM10',205,20505,'Concepción','2026-05-19 20:09:47','06F43H2S28KNWX71TSF7MWWTA4'),
('01KS0XQNXVXBD3FG3DKFKVHM11',205,20506,'San José','2026-05-19 20:09:47','06F43H2S28KNWX71TSF7MWWTA4'),
('01KS0XQNXWJZHG62ANZS5V6G03',205,20507,'Santa Eulalia','2026-05-19 20:09:47','06F43H2S28KNWX71TSF7MWWTA4'),
('01KS0XQNXWJZHG62ANZS5V6G04',205,20508,'Escobal','2026-05-19 20:09:47','06F43H2S28KNWX71TSF7MWWTA4'),
('01KS0XQNXWJZHG62ANZS5V6G05',206,20601,'Naranjo','2026-05-19 20:09:47','06F43H2S28KNWX71TSF7MWWTA4'),
('01KS0XQNXXXTY6JWW19MFDEPH5',206,20602,'San Miguel','2026-05-19 20:09:47','06F43H2S28KNWX71TSF7MWWTA4'),
('01KS0XQNXXXTY6JWW19MFDEPH6',206,20603,'San José','2026-05-19 20:09:47','06F43H2S28KNWX71TSF7MWWTA4'),
('01KS0XQNXY708DEC0M5QRAEVXB',206,20604,'Cirrí Sur','2026-05-19 20:09:47','06F43H2S28KNWX71TSF7MWWTA4'),
('01KS0XQNXY708DEC0M5QRAEVXC',206,20605,'San Jerónimo','2026-05-19 20:09:47','06F43H2S28KNWX71TSF7MWWTA4'),
('01KS0XQNXZRZPP5P93WHTXH5F2',206,20606,'San Juan','2026-05-19 20:09:47','06F43H2S28KNWX71TSF7MWWTA4'),
('01KS0XQNXZRZPP5P93WHTXH5F3',206,20607,'El Rosario','2026-05-19 20:09:47','06F43H2S28KNWX71TSF7MWWTA4'),
('01KS0XQNXZRZPP5P93WHTXH5F4',206,20608,'Palmitos','2026-05-19 20:09:47','06F43H2S28KNWX71TSF7MWWTA4'),
('01KS0XQNY0KEXMSTD9PWHMXGAV',207,20701,'Palmares','2026-05-19 20:09:47','06F43H2S28KNWX71TSF7MWWTA4'),
('01KS0XQNY0KEXMSTD9PWHMXGAW',207,20702,'Zaragoza','2026-05-19 20:09:47','06F43H2S28KNWX71TSF7MWWTA4'),
('01KS0XQNY18DSYEMEQXSD6D40F',207,20703,'Buenos Aires','2026-05-19 20:09:47','06F43H2S28KNWX71TSF7MWWTA4'),
('01KS0XQNY18DSYEMEQXSD6D40G',207,20704,'Santiago','2026-05-19 20:09:47','06F43H2S28KNWX71TSF7MWWTA4'),
('01KS0XQNY2XDBMK1P3WXNRB398',207,20705,'Candelaria','2026-05-19 20:09:47','06F43H2S28KNWX71TSF7MWWTA4'),
('01KS0XQNY2XDBMK1P3WXNRB399',207,20706,'Esquipulas','2026-05-19 20:09:47','06F43H2S28KNWX71TSF7MWWTA4'),
('01KS0XQNY2XDBMK1P3WXNRB39A',207,20707,'La Granja','2026-05-19 20:09:47','06F43H2S28KNWX71TSF7MWWTA4'),
('01KS0XQNY3Y0MNRRPAVPVN4MNH',208,20801,'San Pedro','2026-05-19 20:09:47','06F43H2S28KNWX71TSF7MWWTA4'),
('01KS0XQNY3Y0MNRRPAVPVN4MNJ',208,20802,'San Juan','2026-05-19 20:09:47','06F43H2S28KNWX71TSF7MWWTA4'),
('01KS0XQNY3Y0MNRRPAVPVN4MNK',208,20803,'San Rafael','2026-05-19 20:09:47','06F43H2S28KNWX71TSF7MWWTA4'),
('01KS0XQNY4PE2M8WTVZKCNYH0G',208,20804,'Carrillos','2026-05-19 20:09:47','06F43H2S28KNWX71TSF7MWWTA4'),
('01KS0XQNY4PE2M8WTVZKCNYH0H',208,20805,'Sabana Redonda','2026-05-19 20:09:47','06F43H2S28KNWX71TSF7MWWTA4'),
('01KS0XQNY4PE2M8WTVZKCNYH0J',209,20901,'Orotina','2026-05-19 20:09:47','06F43H2S28KNWX71TSF7MWWTA4'),
('01KS0XQNY5B9AFQ09BHYX31M07',209,20902,'El Mastate','2026-05-19 20:09:47','06F43H2S28KNWX71TSF7MWWTA4'),
('01KS0XQNY5B9AFQ09BHYX31M08',209,20903,'Hacienda Vieja','2026-05-19 20:09:47','06F43H2S28KNWX71TSF7MWWTA4'),
('01KS0XQNY5B9AFQ09BHYX31M09',209,20904,'Coyolar','2026-05-19 20:09:47','06F43H2S28KNWX71TSF7MWWTA4'),
('01KS0XQNY6FEB576BFRQEH0BR0',209,20905,'La Ceiba','2026-05-19 20:09:47','06F43H2S28KNWX71TSF7MWWTA4'),
('01KS0XQNY6FEB576BFRQEH0BR1',210,21001,'Quesada','2026-05-19 20:09:47','06F43H2S28KNWX71TSF7MWWTA4'),
('01KS0XQNY6FEB576BFRQEH0BR2',210,21002,'Florencia','2026-05-19 20:09:47','06F43H2S28KNWX71TSF7MWWTA4'),
('01KS0XQNY745Y9AAPJMRVXBE74',210,21003,'Buenavista','2026-05-19 20:09:47','06F43H2S28KNWX71TSF7MWWTA4'),
('01KS0XQNY745Y9AAPJMRVXBE75',210,21004,'Aguas Zarcas','2026-05-19 20:09:47','06F43H2S28KNWX71TSF7MWWTA4'),
('01KS0XQNY745Y9AAPJMRVXBE76',210,21005,'Venecia','2026-05-19 20:09:47','06F43H2S28KNWX71TSF7MWWTA4'),
('01KS0XQNY8FW78SHWB6K97DAHF',210,21006,'Pital','2026-05-19 20:09:47','06F43H2S28KNWX71TSF7MWWTA4'),
('01KS0XQNY8FW78SHWB6K97DAHG',210,21007,'La Fortuna','2026-05-19 20:09:47','06F43H2S28KNWX71TSF7MWWTA4'),
('01KS0XQNY8FW78SHWB6K97DAHH',210,21008,'La Tigra','2026-05-19 20:09:47','06F43H2S28KNWX71TSF7MWWTA4'),
('01KS0XQNY9B9BCBBFN1T9685ZY',210,21009,'La Palmera','2026-05-19 20:09:47','06F43H2S28KNWX71TSF7MWWTA4'),
('01KS0XQNY9B9BCBBFN1T9685ZZ',210,21010,'Venado','2026-05-19 20:09:47','06F43H2S28KNWX71TSF7MWWTA4'),
('01KS0XQNY9B9BCBBFN1T968600',210,21011,'Cutris','2026-05-19 20:09:47','06F43H2S28KNWX71TSF7MWWTA4'),
('01KS0XQNYA9SPN3YPVQ8JP3Z5H',210,21012,'Monterrey','2026-05-19 20:09:47','06F43H2S28KNWX71TSF7MWWTA4'),
('01KS0XQNYA9SPN3YPVQ8JP3Z5J',210,21013,'Pocosol','2026-05-19 20:09:47','06F43H2S28KNWX71TSF7MWWTA4'),
('01KS0XQNYBB9533G85816A8YYW',211,21101,'Zarcero','2026-05-19 20:09:47','06F43H2S28KNWX71TSF7MWWTA4'),
('01KS0XQNYBB9533G85816A8YYX',211,21102,'Laguna','2026-05-19 20:09:47','06F43H2S28KNWX71TSF7MWWTA4'),
('01KS0XQNYBB9533G85816A8YYY',211,21103,'Tapesco','2026-05-19 20:09:47','06F43H2S28KNWX71TSF7MWWTA4'),
('01KS0XQNYCYX3AN6Q3AT5293DG',211,21104,'Guadalupe','2026-05-19 20:09:47','06F43H2S28KNWX71TSF7MWWTA4'),
('01KS0XQNYCYX3AN6Q3AT5293DH',211,21105,'Palmira','2026-05-19 20:09:47','06F43H2S28KNWX71TSF7MWWTA4'),
('01KS0XQNYCYX3AN6Q3AT5293DJ',211,21106,'Zapote','2026-05-19 20:09:47','06F43H2S28KNWX71TSF7MWWTA4'),
('01KS0XQNYDY540FET7SX304PGW',211,21107,'Brisas','2026-05-19 20:09:47','06F43H2S28KNWX71TSF7MWWTA4'),
('01KS0XQNYDY540FET7SX304PGX',212,21201,'Sarchí Norte','2026-05-19 20:09:47','06F43H2S28KNWX71TSF7MWWTA4'),
('01KS0XQNYDY540FET7SX304PGY',212,21202,'Sarchí Sur','2026-05-19 20:09:47','06F43H2S28KNWX71TSF7MWWTA4'),
('01KS0XQNYE919CBPJWVADGAJR5',212,21203,'Toro Amarillo','2026-05-19 20:09:47','06F43H2S28KNWX71TSF7MWWTA4'),
('01KS0XQNYE919CBPJWVADGAJR6',212,21204,'San Pedro','2026-05-19 20:09:47','06F43H2S28KNWX71TSF7MWWTA4'),
('01KS0XQNYFPB5K3CFFSBD41DKD',212,21205,'Rodríguez','2026-05-19 20:09:47','06F43H2S28KNWX71TSF7MWWTA4'),
('01KS0XQNYFPB5K3CFFSBD41DKE',213,21301,'Upala','2026-05-19 20:09:47','06F43H2S28KNWX71TSF7MWWTA4'),
('01KS0XQNYFPB5K3CFFSBD41DKF',213,21302,'Aguas Claras','2026-05-19 20:09:47','06F43H2S28KNWX71TSF7MWWTA4'),
('01KS0XQNYGQRBJTK2F8710GFSX',213,21303,'San José O Pizote','2026-05-19 20:09:47','06F43H2S28KNWX71TSF7MWWTA4'),
('01KS0XQNYGQRBJTK2F8710GFSY',213,21304,'Bijagua','2026-05-19 20:09:47','06F43H2S28KNWX71TSF7MWWTA4'),
('01KS0XQNYGQRBJTK2F8710GFSZ',213,21305,'Delicias','2026-05-19 20:09:47','06F43H2S28KNWX71TSF7MWWTA4'),
('01KS0XQNYHRMWT5WR0WX1RH0RY',213,21306,'Dos Ríos','2026-05-19 20:09:47','06F43H2S28KNWX71TSF7MWWTA4'),
('01KS0XQNYHRMWT5WR0WX1RH0RZ',213,21307,'Yolillal','2026-05-19 20:09:47','06F43H2S28KNWX71TSF7MWWTA4'),
('01KS0XQNYHRMWT5WR0WX1RH0S0',213,21308,'Canalete','2026-05-19 20:09:47','06F43H2S28KNWX71TSF7MWWTA4'),
('01KS0XQNYJF17VE05ARF50H186',214,21401,'Los Chiles','2026-05-19 20:09:47','06F43H2S28KNWX71TSF7MWWTA4'),
('01KS0XQNYJF17VE05ARF50H187',214,21402,'Caño Negro','2026-05-19 20:09:47','06F43H2S28KNWX71TSF7MWWTA4'),
('01KS0XQNYJF17VE05ARF50H188',214,21403,'El Amparo','2026-05-19 20:09:47','06F43H2S28KNWX71TSF7MWWTA4'),
('01KS0XQNYKVCAWQ7KPNC0RZ31R',214,21404,'San Jorge','2026-05-19 20:09:47','06F43H2S28KNWX71TSF7MWWTA4'),
('01KS0XQNYKVCAWQ7KPNC0RZ31S',215,21501,'San Rafael','2026-05-19 20:09:47','06F43H2S28KNWX71TSF7MWWTA4'),
('01KS0XQNYKVCAWQ7KPNC0RZ31T',215,21502,'Buenavista','2026-05-19 20:09:47','06F43H2S28KNWX71TSF7MWWTA4'),
('01KS0XQNYMK09DB50HZXEHKA6R',215,21503,'Cote','2026-05-19 20:09:47','06F43H2S28KNWX71TSF7MWWTA4'),
('01KS0XQNYMK09DB50HZXEHKA6S',215,21504,'Katira','2026-05-19 20:09:47','06F43H2S28KNWX71TSF7MWWTA4'),
('01KS0XQNYNW36ES8N24R40D133',216,21601,'Río Cuarto','2026-05-19 20:09:47','06F43H2S28KNWX71TSF7MWWTA4'),
('01KS0XQNYNW36ES8N24R40D134',216,21602,'Santa Rita','2026-05-19 20:09:47','06F43H2S28KNWX71TSF7MWWTA4'),
('01KS0XQNYNW36ES8N24R40D135',216,21603,'Santa Isabel','2026-05-19 20:09:47','06F43H2S28KNWX71TSF7MWWTA4'),
('01KS0XQNYPGHF2YEZ3AJ2MQ3G8',301,30101,'Oriental','2026-05-19 20:09:47','06F43H2S28KNWX71TSF7MWWTA4'),
('01KS0XQNYPGHF2YEZ3AJ2MQ3G9',301,30102,'Occidental','2026-05-19 20:09:47','06F43H2S28KNWX71TSF7MWWTA4'),
('01KS0XQNYPGHF2YEZ3AJ2MQ3GA',301,30103,'Carmen','2026-05-19 20:09:47','06F43H2S28KNWX71TSF7MWWTA4'),
('01KS0XQNYQWJ70XK45E71V8TBZ',301,30104,'San Nicolás','2026-05-19 20:09:47','06F43H2S28KNWX71TSF7MWWTA4'),
('01KS0XQNYQWJ70XK45E71V8TC0',301,30105,'Aguacaliente o San Francisco','2026-05-19 20:09:47','06F43H2S28KNWX71TSF7MWWTA4'),
('01KS0XQNYR11BK9CR0PWSDE1R2',301,30106,'Guadalupe o Arenilla','2026-05-19 20:09:47','06F43H2S28KNWX71TSF7MWWTA4'),
('01KS0XQNYR11BK9CR0PWSDE1R3',301,30107,'Corralillo','2026-05-19 20:09:47','06F43H2S28KNWX71TSF7MWWTA4'),
('01KS0XQNYR11BK9CR0PWSDE1R4',301,30108,'Tierra Blanca','2026-05-19 20:09:47','06F43H2S28KNWX71TSF7MWWTA4'),
('01KS0XQNYS2HMV1X3N2934W2VA',301,30109,'Dulce Nombre','2026-05-19 20:09:47','06F43H2S28KNWX71TSF7MWWTA4'),
('01KS0XQNYS2HMV1X3N2934W2VB',301,30110,'Llano Grande','2026-05-19 20:09:47','06F43H2S28KNWX71TSF7MWWTA4'),
('01KS0XQNYS2HMV1X3N2934W2VC',301,30111,'Quebradilla','2026-05-19 20:09:47','06F43H2S28KNWX71TSF7MWWTA4'),
('01KS0XQNYT7T9CND1J84AGGPQY',302,30201,'Paraíso','2026-05-19 20:09:47','06F43H2S28KNWX71TSF7MWWTA4'),
('01KS0XQNYT7T9CND1J84AGGPQZ',302,30202,'Santiago','2026-05-19 20:09:47','06F43H2S28KNWX71TSF7MWWTA4'),
('01KS0XQNYVYXGEH6PQKP258DGE',302,30203,'Orosi','2026-05-19 20:09:47','06F43H2S28KNWX71TSF7MWWTA4'),
('01KS0XQNYVYXGEH6PQKP258DGF',302,30204,'Cachí','2026-05-19 20:09:47','06F43H2S28KNWX71TSF7MWWTA4'),
('01KS0XQNYVYXGEH6PQKP258DGG',302,30205,'Llanos de Santa Lucía','2026-05-19 20:09:47','06F43H2S28KNWX71TSF7MWWTA4'),
('01KS0XQNYVYXGEH6PQKP258DGH',302,30206,'Birrisito','2026-05-19 20:09:47','06F43H2S28KNWX71TSF7MWWTA4'),
('01KS0XQNYW2MXANDYM3VGP4XJR',303,30301,'Tres Ríos','2026-05-19 20:09:47','06F43H2S28KNWX71TSF7MWWTA4'),
('01KS0XQNYW2MXANDYM3VGP4XJS',303,30302,'San Diego','2026-05-19 20:09:47','06F43H2S28KNWX71TSF7MWWTA4'),
('01KS0XQNYW2MXANDYM3VGP4XJT',303,30303,'San Juan','2026-05-19 20:09:47','06F43H2S28KNWX71TSF7MWWTA4'),
('01KS0XQNYXEG71ZEDT3DYGSQAC',303,30304,'San Rafael','2026-05-19 20:09:47','06F43H2S28KNWX71TSF7MWWTA4'),
('01KS0XQNYXEG71ZEDT3DYGSQAD',303,30305,'Concepción','2026-05-19 20:09:47','06F43H2S28KNWX71TSF7MWWTA4'),
('01KS0XQNYXEG71ZEDT3DYGSQAE',303,30306,'Dulce Nombre','2026-05-19 20:09:47','06F43H2S28KNWX71TSF7MWWTA4'),
('01KS0XQNYYE9WW0D1XQK3VX5Y2',303,30307,'San Ramón','2026-05-19 20:09:47','06F43H2S28KNWX71TSF7MWWTA4'),
('01KS0XQNYYE9WW0D1XQK3VX5Y3',303,30308,'Río Azul','2026-05-19 20:09:47','06F43H2S28KNWX71TSF7MWWTA4'),
('01KS0XQNYYE9WW0D1XQK3VX5Y4',304,30401,'Juan Viñas','2026-05-19 20:09:47','06F43H2S28KNWX71TSF7MWWTA4'),
('01KS0XQNYZ9WM9S0RH28QH2H5K',304,30402,'Tucurrique','2026-05-19 20:09:47','06F43H2S28KNWX71TSF7MWWTA4'),
('01KS0XQNYZ9WM9S0RH28QH2H5M',304,30403,'Pejibaye','2026-05-19 20:09:47','06F43H2S28KNWX71TSF7MWWTA4'),
('01KS0XQNYZ9WM9S0RH28QH2H5N',304,30404,'La Victoria','2026-05-19 20:09:47','06F43H2S28KNWX71TSF7MWWTA4'),
('01KS0XQNYZ9WM9S0RH28QH2H5P',305,30501,'Turrialba','2026-05-19 20:09:47','06F43H2S28KNWX71TSF7MWWTA4'),
('01KS0XQNZ03GX366N3Q784KGK1',305,30502,'La Suiza','2026-05-19 20:09:47','06F43H2S28KNWX71TSF7MWWTA4'),
('01KS0XQNZ03GX366N3Q784KGK2',305,30503,'Peralta','2026-05-19 20:09:47','06F43H2S28KNWX71TSF7MWWTA4'),
('01KS0XQNZ03GX366N3Q784KGK3',305,30504,'Santa Cruz','2026-05-19 20:09:47','06F43H2S28KNWX71TSF7MWWTA4'),
('01KS0XQNZ1576V07HXKZ4EFBTZ',305,30505,'Santa Teresita','2026-05-19 20:09:47','06F43H2S28KNWX71TSF7MWWTA4'),
('01KS0XQNZ1576V07HXKZ4EFBV0',305,30506,'Pavones','2026-05-19 20:09:47','06F43H2S28KNWX71TSF7MWWTA4'),
('01KS0XQNZ1576V07HXKZ4EFBV1',305,30507,'Tuis','2026-05-19 20:09:47','06F43H2S28KNWX71TSF7MWWTA4'),
('01KS0XQNZ28HSQ1CM47446Q0KS',305,30508,'Tayutic','2026-05-19 20:09:47','06F43H2S28KNWX71TSF7MWWTA4'),
('01KS0XQNZ28HSQ1CM47446Q0KT',305,30509,'Santa Rosa','2026-05-19 20:09:47','06F43H2S28KNWX71TSF7MWWTA4'),
('01KS0XQNZ28HSQ1CM47446Q0KV',305,30510,'Tres Equis','2026-05-19 20:09:47','06F43H2S28KNWX71TSF7MWWTA4'),
('01KS0XQNZ3PRM71TBDJ9Q631P6',305,30511,'La Isabel','2026-05-19 20:09:47','06F43H2S28KNWX71TSF7MWWTA4'),
('01KS0XQNZ3PRM71TBDJ9Q631P7',305,30512,'Chirripó','2026-05-19 20:09:47','06F43H2S28KNWX71TSF7MWWTA4'),
('01KS0XQNZ3PRM71TBDJ9Q631P8',306,30601,'Pacayas','2026-05-19 20:09:47','06F43H2S28KNWX71TSF7MWWTA4'),
('01KS0XQNZ4B072VBWRQHM81ZJB',306,30602,'Cervantes','2026-05-19 20:09:47','06F43H2S28KNWX71TSF7MWWTA4'),
('01KS0XQNZ4B072VBWRQHM81ZJC',306,30603,'Capellades','2026-05-19 20:09:47','06F43H2S28KNWX71TSF7MWWTA4'),
('01KS0XQNZ4B072VBWRQHM81ZJD',307,30701,'San Rafael','2026-05-19 20:09:47','06F43H2S28KNWX71TSF7MWWTA4'),
('01KS0XQNZ5Y4W4WVK7XDDGJ58E',307,30702,'Cot','2026-05-19 20:09:47','06F43H2S28KNWX71TSF7MWWTA4'),
('01KS0XQNZ5Y4W4WVK7XDDGJ58F',307,30703,'Potrero Cerrado','2026-05-19 20:09:47','06F43H2S28KNWX71TSF7MWWTA4'),
('01KS0XQNZ5Y4W4WVK7XDDGJ58G',307,30704,'Cipreses','2026-05-19 20:09:47','06F43H2S28KNWX71TSF7MWWTA4'),
('01KS0XQNZ6H9JWXP6BMV9R2C44',307,30705,'Santa Rosa','2026-05-19 20:09:47','06F43H2S28KNWX71TSF7MWWTA4'),
('01KS0XQNZ6H9JWXP6BMV9R2C45',308,30801,'El Tejar','2026-05-19 20:09:47','06F43H2S28KNWX71TSF7MWWTA4'),
('01KS0XQNZ6H9JWXP6BMV9R2C46',308,30802,'San Isidro','2026-05-19 20:09:47','06F43H2S28KNWX71TSF7MWWTA4'),
('01KS0XQNZ7NRVNMEMEKTXE9HHR',308,30803,'Tobosi','2026-05-19 20:09:47','06F43H2S28KNWX71TSF7MWWTA4'),
('01KS0XQNZ7NRVNMEMEKTXE9HHS',308,30804,'Patio de Agua','2026-05-19 20:09:47','06F43H2S28KNWX71TSF7MWWTA4'),
('01KS0XQNZ7NRVNMEMEKTXE9HHT',401,40101,'Heredia','2026-05-19 20:09:47','06F43H2S28KNWX71TSF7MWWTA4'),
('01KS0XQNZ8NEJM4QTTMBK7S2RE',401,40102,'Mercedes','2026-05-19 20:09:47','06F43H2S28KNWX71TSF7MWWTA4'),
('01KS0XQNZ8NEJM4QTTMBK7S2RF',401,40103,'San Francisco','2026-05-19 20:09:47','06F43H2S28KNWX71TSF7MWWTA4'),
('01KS0XQNZ8NEJM4QTTMBK7S2RG',401,40104,'Ulloa','2026-05-19 20:09:47','06F43H2S28KNWX71TSF7MWWTA4'),
('01KS0XQNZ8NEJM4QTTMBK7S2RH',401,40105,'Varablanca','2026-05-19 20:09:47','06F43H2S28KNWX71TSF7MWWTA4'),
('01KS0XQNZ9YZQFH5E6HM5DZS3D',402,40201,'Barva','2026-05-19 20:09:47','06F43H2S28KNWX71TSF7MWWTA4'),
('01KS0XQNZ9YZQFH5E6HM5DZS3E',402,40202,'San Pedro','2026-05-19 20:09:47','06F43H2S28KNWX71TSF7MWWTA4'),
('01KS0XQNZ9YZQFH5E6HM5DZS3F',402,40203,'San Pablo','2026-05-19 20:09:47','06F43H2S28KNWX71TSF7MWWTA4'),
('01KS0XQNZAP6SV894H7KCJD0SP',402,40204,'San Roque','2026-05-19 20:09:47','06F43H2S28KNWX71TSF7MWWTA4'),
('01KS0XQNZAP6SV894H7KCJD0SQ',402,40205,'Santa Lucía','2026-05-19 20:09:47','06F43H2S28KNWX71TSF7MWWTA4'),
('01KS0XQNZAP6SV894H7KCJD0SR',402,40206,'San José de la Montaña','2026-05-19 20:09:47','06F43H2S28KNWX71TSF7MWWTA4'),
('01KS0XQNZBGTWEZMR3MFX5NF30',402,40207,'Puente Salas','2026-05-19 20:09:47','06F43H2S28KNWX71TSF7MWWTA4'),
('01KS0XQNZBGTWEZMR3MFX5NF31',403,40301,'Santo Domingo','2026-05-19 20:09:47','06F43H2S28KNWX71TSF7MWWTA4'),
('01KS0XQNZCFQ7B4VJ0Z2MNN37H',403,40302,'San Vicente','2026-05-19 20:09:47','06F43H2S28KNWX71TSF7MWWTA4'),
('01KS0XQNZDA5MJ80Q1KNQ0ENBS',403,40303,'San Miguel','2026-05-19 20:09:47','06F43H2S28KNWX71TSF7MWWTA4'),
('01KS0XQNZEMHC4DSV1JCRAAHDR',403,40304,'Paracito','2026-05-19 20:09:47','06F43H2S28KNWX71TSF7MWWTA4'),
('01KS0XQNZEMHC4DSV1JCRAAHDS',403,40305,'Santo Tomás','2026-05-19 20:09:47','06F43H2S28KNWX71TSF7MWWTA4'),
('01KS0XQNZF2QRWH24S7M6SX5ZQ',403,40306,'Santa Rosa','2026-05-19 20:09:47','06F43H2S28KNWX71TSF7MWWTA4'),
('01KS0XQNZF2QRWH24S7M6SX5ZR',403,40307,'Tures','2026-05-19 20:09:47','06F43H2S28KNWX71TSF7MWWTA4'),
('01KS0XQNZGX95T7NBW9D3KKH16',403,40308,'Pará','2026-05-19 20:09:47','06F43H2S28KNWX71TSF7MWWTA4'),
('01KS0XQNZGX95T7NBW9D3KKH17',404,40401,'Santa Bárbara','2026-05-19 20:09:47','06F43H2S28KNWX71TSF7MWWTA4'),
('01KS0XQNZHGBR6DMPMPGMEGN80',404,40402,'San Pedro','2026-05-19 20:09:47','06F43H2S28KNWX71TSF7MWWTA4'),
('01KS0XQNZHGBR6DMPMPGMEGN81',404,40403,'San Juan','2026-05-19 20:09:47','06F43H2S28KNWX71TSF7MWWTA4'),
('01KS0XQNZJZY176ZXVZ40FE46J',404,40404,'Jesús','2026-05-19 20:09:47','06F43H2S28KNWX71TSF7MWWTA4'),
('01KS0XQNZJZY176ZXVZ40FE46K',404,40405,'Santo Domingo','2026-05-19 20:09:47','06F43H2S28KNWX71TSF7MWWTA4'),
('01KS0XQNZKDTEM5ZC6SR1ZPPCH',404,40406,'Purabá','2026-05-19 20:09:47','06F43H2S28KNWX71TSF7MWWTA4'),
('01KS0XQNZKDTEM5ZC6SR1ZPPCJ',405,40501,'San Rafael','2026-05-19 20:09:47','06F43H2S28KNWX71TSF7MWWTA4'),
('01KS0XQNZKDTEM5ZC6SR1ZPPCK',405,40502,'San Josecito','2026-05-19 20:09:47','06F43H2S28KNWX71TSF7MWWTA4'),
('01KS0XQNZM1WACKGVMBFF44QM6',405,40503,'Santiago','2026-05-19 20:09:47','06F43H2S28KNWX71TSF7MWWTA4'),
('01KS0XQNZM1WACKGVMBFF44QM7',405,40504,'Ángeles','2026-05-19 20:09:47','06F43H2S28KNWX71TSF7MWWTA4'),
('01KS0XQNZM1WACKGVMBFF44QM8',405,40505,'Concepción','2026-05-19 20:09:47','06F43H2S28KNWX71TSF7MWWTA4'),
('01KS0XQNZM1WACKGVMBFF44QM9',406,40601,'San Isidro','2026-05-19 20:09:47','06F43H2S28KNWX71TSF7MWWTA4'),
('01KS0XQNZNBMT1TV1N6Q73PNWG',406,40602,'San José','2026-05-19 20:09:47','06F43H2S28KNWX71TSF7MWWTA4'),
('01KS0XQNZNBMT1TV1N6Q73PNWH',406,40603,'Concepción','2026-05-19 20:09:47','06F43H2S28KNWX71TSF7MWWTA4'),
('01KS0XQNZNBMT1TV1N6Q73PNWJ',406,40604,'San Francisco','2026-05-19 20:09:47','06F43H2S28KNWX71TSF7MWWTA4'),
('01KS0XQNZPXYF2HJM0PFHJC5ZH',407,40701,'San Antonio','2026-05-19 20:09:47','06F43H2S28KNWX71TSF7MWWTA4'),
('01KS0XQNZPXYF2HJM0PFHJC5ZJ',407,40702,'La Ribera','2026-05-19 20:09:47','06F43H2S28KNWX71TSF7MWWTA4'),
('01KS0XQNZPXYF2HJM0PFHJC5ZK',407,40703,'La Asunción','2026-05-19 20:09:47','06F43H2S28KNWX71TSF7MWWTA4'),
('01KS0XQNZQJFZ3ACAD29KCYP4C',408,40801,'San Joaquín','2026-05-19 20:09:47','06F43H2S28KNWX71TSF7MWWTA4'),
('01KS0XQNZQJFZ3ACAD29KCYP4D',408,40802,'Barrantes','2026-05-19 20:09:47','06F43H2S28KNWX71TSF7MWWTA4'),
('01KS0XQNZQJFZ3ACAD29KCYP4E',408,40803,'Llorente','2026-05-19 20:09:47','06F43H2S28KNWX71TSF7MWWTA4'),
('01KS0XQNZRRR05ZB7MHADFQWVV',409,40901,'San Pablo','2026-05-19 20:09:47','06F43H2S28KNWX71TSF7MWWTA4'),
('01KS0XQNZRRR05ZB7MHADFQWVW',409,40902,'Rincón de Sabanilla','2026-05-19 20:09:47','06F43H2S28KNWX71TSF7MWWTA4'),
('01KS0XQNZRRR05ZB7MHADFQWVX',410,41001,'Puerto Viejo','2026-05-19 20:09:47','06F43H2S28KNWX71TSF7MWWTA4'),
('01KS0XQNZS72FB5TMB0B3PRFW1',410,41002,'La Virgen','2026-05-19 20:09:47','06F43H2S28KNWX71TSF7MWWTA4'),
('01KS0XQNZS72FB5TMB0B3PRFW2',410,41003,'Las Horquetas','2026-05-19 20:09:47','06F43H2S28KNWX71TSF7MWWTA4'),
('01KS0XQNZS72FB5TMB0B3PRFW3',410,41004,'Llanuras del Gaspar','2026-05-19 20:09:47','06F43H2S28KNWX71TSF7MWWTA4'),
('01KS0XQNZTQ95YREY8C8TSQSY2',410,41005,'Cureña','2026-05-19 20:09:47','06F43H2S28KNWX71TSF7MWWTA4'),
('01KS0XQNZTQ95YREY8C8TSQSY3',501,50101,'Liberia','2026-05-19 20:09:47','06F43H2S28KNWX71TSF7MWWTA4'),
('01KS0XQNZTQ95YREY8C8TSQSY4',501,50102,'Cañas Dulces','2026-05-19 20:09:47','06F43H2S28KNWX71TSF7MWWTA4'),
('01KS0XQNZVS1CG3BEP6TAY74H1',501,50103,'Mayorga','2026-05-19 20:09:47','06F43H2S28KNWX71TSF7MWWTA4'),
('01KS0XQNZVS1CG3BEP6TAY74H2',501,50104,'Nacascolo','2026-05-19 20:09:47','06F43H2S28KNWX71TSF7MWWTA4'),
('01KS0XQNZVS1CG3BEP6TAY74H3',501,50105,'Curubandé','2026-05-19 20:09:47','06F43H2S28KNWX71TSF7MWWTA4'),
('01KS0XQNZVS1CG3BEP6TAY74H4',502,50201,'Nicoya','2026-05-19 20:09:47','06F43H2S28KNWX71TSF7MWWTA4'),
('01KS0XQNZWFJVF7GXCFJBHKZWZ',502,50202,'Mansión','2026-05-19 20:09:47','06F43H2S28KNWX71TSF7MWWTA4'),
('01KS0XQNZWFJVF7GXCFJBHKZX0',502,50203,'San Antonio','2026-05-19 20:09:47','06F43H2S28KNWX71TSF7MWWTA4'),
('01KS0XQNZX6NGD1S7PK0A2NJVY',502,50204,'Quebrada Honda','2026-05-19 20:09:47','06F43H2S28KNWX71TSF7MWWTA4'),
('01KS0XQNZX6NGD1S7PK0A2NJVZ',502,50205,'Sámara','2026-05-19 20:09:47','06F43H2S28KNWX71TSF7MWWTA4'),
('01KS0XQNZX6NGD1S7PK0A2NJW0',502,50206,'Nosara','2026-05-19 20:09:47','06F43H2S28KNWX71TSF7MWWTA4'),
('01KS0XQNZYWV57BSNJH4EV1AMG',502,50207,'Belén de Nosarita','2026-05-19 20:09:47','06F43H2S28KNWX71TSF7MWWTA4'),
('01KS0XQNZYWV57BSNJH4EV1AMH',503,50301,'Santa Cruz','2026-05-19 20:09:47','06F43H2S28KNWX71TSF7MWWTA4'),
('01KS0XQNZYWV57BSNJH4EV1AMJ',503,50302,'Bolsón','2026-05-19 20:09:47','06F43H2S28KNWX71TSF7MWWTA4'),
('01KS0XQNZYWV57BSNJH4EV1AMK',503,50303,'Veintisiete de Abril','2026-05-19 20:09:47','06F43H2S28KNWX71TSF7MWWTA4'),
('01KS0XQNZZQ8TQ9Q0HD11JDRJ1',503,50304,'Tempate','2026-05-19 20:09:47','06F43H2S28KNWX71TSF7MWWTA4'),
('01KS0XQNZZQ8TQ9Q0HD11JDRJ2',503,50305,'Cartagena','2026-05-19 20:09:47','06F43H2S28KNWX71TSF7MWWTA4'),
('01KS0XQNZZQ8TQ9Q0HD11JDRJ3',503,50306,'Cuajiniquil','2026-05-19 20:09:47','06F43H2S28KNWX71TSF7MWWTA4'),
('01KS0XQP00JRVM97PZY436DHDM',503,50307,'Diriá','2026-05-19 20:09:47','06F43H2S28KNWX71TSF7MWWTA4'),
('01KS0XQP00JRVM97PZY436DHDN',503,50308,'Cabo Velas','2026-05-19 20:09:47','06F43H2S28KNWX71TSF7MWWTA4'),
('01KS0XQP00JRVM97PZY436DHDP',503,50309,'Tamarindo','2026-05-19 20:09:47','06F43H2S28KNWX71TSF7MWWTA4'),
('01KS0XQP011BMSHEHMM6T9MGS5',504,50401,'Bagaces','2026-05-19 20:09:47','06F43H2S28KNWX71TSF7MWWTA4'),
('01KS0XQP011BMSHEHMM6T9MGS6',504,50402,'La Fortuna','2026-05-19 20:09:47','06F43H2S28KNWX71TSF7MWWTA4'),
('01KS0XQP026EARADJZEETVBW1R',504,50403,'Mogote','2026-05-19 20:09:47','06F43H2S28KNWX71TSF7MWWTA4'),
('01KS0XQP026EARADJZEETVBW1S',504,50404,'Río Naranjo','2026-05-19 20:09:47','06F43H2S28KNWX71TSF7MWWTA4'),
('01KS0XQP03W6FV34F419QED3GG',504,50405,'Pijije','2026-05-19 20:09:47','06F43H2S28KNWX71TSF7MWWTA4'),
('01KS0XQP03W6FV34F419QED3GH',505,50501,'Filadelfia','2026-05-19 20:09:47','06F43H2S28KNWX71TSF7MWWTA4'),
('01KS0XQP04163A0GV0413R3BAQ',505,50502,'Palmira','2026-05-19 20:09:47','06F43H2S28KNWX71TSF7MWWTA4'),
('01KS0XQP04163A0GV0413R3BAR',505,50503,'Sardinal','2026-05-19 20:09:47','06F43H2S28KNWX71TSF7MWWTA4'),
('01KS0XQP04163A0GV0413R3BAS',505,50504,'Belén','2026-05-19 20:09:47','06F43H2S28KNWX71TSF7MWWTA4'),
('01KS0XQP0565RTVNCPBASFTZCP',506,50601,'Cañas','2026-05-19 20:09:47','06F43H2S28KNWX71TSF7MWWTA4'),
('01KS0XQP0565RTVNCPBASFTZCQ',506,50602,'Palmira','2026-05-19 20:09:47','06F43H2S28KNWX71TSF7MWWTA4'),
('01KS0XQP06HSP3YRP29G8VNA0G',506,50603,'San Miguel','2026-05-19 20:09:47','06F43H2S28KNWX71TSF7MWWTA4'),
('01KS0XQP06HSP3YRP29G8VNA0H',506,50604,'Bebedero','2026-05-19 20:09:47','06F43H2S28KNWX71TSF7MWWTA4'),
('01KS0XQP06HSP3YRP29G8VNA0J',506,50605,'Porozal','2026-05-19 20:09:47','06F43H2S28KNWX71TSF7MWWTA4'),
('01KS0XQP077EQTK78KQZ8EM2VT',507,50701,'Las Juntas','2026-05-19 20:09:47','06F43H2S28KNWX71TSF7MWWTA4'),
('01KS0XQP077EQTK78KQZ8EM2VV',507,50702,'Sierra','2026-05-19 20:09:47','06F43H2S28KNWX71TSF7MWWTA4'),
('01KS0XQP077EQTK78KQZ8EM2VW',507,50703,'San Juan','2026-05-19 20:09:47','06F43H2S28KNWX71TSF7MWWTA4'),
('01KS0XQP077EQTK78KQZ8EM2VX',507,50704,'Colorado','2026-05-19 20:09:47','06F43H2S28KNWX71TSF7MWWTA4'),
('01KS0XQP0884MTSW31MF09Q0BK',508,50801,'Tilarán','2026-05-19 20:09:47','06F43H2S28KNWX71TSF7MWWTA4'),
('01KS0XQP0884MTSW31MF09Q0BM',508,50802,'Quebrada Grande','2026-05-19 20:09:47','06F43H2S28KNWX71TSF7MWWTA4'),
('01KS0XQP0884MTSW31MF09Q0BN',508,50803,'Tronadora','2026-05-19 20:09:47','06F43H2S28KNWX71TSF7MWWTA4'),
('01KS0XQP09BC4JPQPDFMJCPRMT',508,50804,'Santa Rosa','2026-05-19 20:09:47','06F43H2S28KNWX71TSF7MWWTA4'),
('01KS0XQP09BC4JPQPDFMJCPRMV',508,50805,'Líbano','2026-05-19 20:09:47','06F43H2S28KNWX71TSF7MWWTA4'),
('01KS0XQP0A7YG52KWXGD1A3DV9',508,50806,'Tierras Morenas','2026-05-19 20:09:47','06F43H2S28KNWX71TSF7MWWTA4'),
('01KS0XQP0A7YG52KWXGD1A3DVA',508,50807,'Arenal','2026-05-19 20:09:47','06F43H2S28KNWX71TSF7MWWTA4'),
('01KS0XQP0A7YG52KWXGD1A3DVB',508,50808,'Cabeceras','2026-05-19 20:09:47','06F43H2S28KNWX71TSF7MWWTA4'),
('01KS0XQP0A7YG52KWXGD1A3DVC',509,50901,'Carmona','2026-05-19 20:09:47','06F43H2S28KNWX71TSF7MWWTA4'),
('01KS0XQP0B1TMDB8N781CHC1FN',509,50902,'Santa Rita','2026-05-19 20:09:47','06F43H2S28KNWX71TSF7MWWTA4'),
('01KS0XQP0B1TMDB8N781CHC1FP',509,50903,'Zapotal','2026-05-19 20:09:47','06F43H2S28KNWX71TSF7MWWTA4'),
('01KS0XQP0B1TMDB8N781CHC1FQ',509,50904,'San Pablo','2026-05-19 20:09:47','06F43H2S28KNWX71TSF7MWWTA4'),
('01KS0XQP0CYAYHTKKC1BZ00BJV',509,50905,'Porvenir','2026-05-19 20:09:47','06F43H2S28KNWX71TSF7MWWTA4'),
('01KS0XQP0CYAYHTKKC1BZ00BJW',509,50906,'Bejuco','2026-05-19 20:09:47','06F43H2S28KNWX71TSF7MWWTA4'),
('01KS0XQP0CYAYHTKKC1BZ00BJX',510,51001,'La Cruz','2026-05-19 20:09:47','06F43H2S28KNWX71TSF7MWWTA4'),
('01KS0XQP0DFWVFG6TRQ0DERFFM',510,51002,'Santa Cecilia','2026-05-19 20:09:47','06F43H2S28KNWX71TSF7MWWTA4'),
('01KS0XQP0DFWVFG6TRQ0DERFFN',510,51003,'La Garita','2026-05-19 20:09:47','06F43H2S28KNWX71TSF7MWWTA4'),
('01KS0XQP0E2NXZ730BZWCQD4T0',510,51004,'Santa Elena','2026-05-19 20:09:47','06F43H2S28KNWX71TSF7MWWTA4'),
('01KS0XQP0E2NXZ730BZWCQD4T1',511,51101,'Hojancha','2026-05-19 20:09:47','06F43H2S28KNWX71TSF7MWWTA4'),
('01KS0XQP0E2NXZ730BZWCQD4T2',511,51102,'Monte Romo','2026-05-19 20:09:47','06F43H2S28KNWX71TSF7MWWTA4'),
('01KS0XQP0F5RYXYPNN9WSHKQ0D',511,51103,'Puerto Carrillo','2026-05-19 20:09:47','06F43H2S28KNWX71TSF7MWWTA4'),
('01KS0XQP0F5RYXYPNN9WSHKQ0E',511,51104,'Huacas','2026-05-19 20:09:47','06F43H2S28KNWX71TSF7MWWTA4'),
('01KS0XQP0F5RYXYPNN9WSHKQ0F',511,51105,'Matambú','2026-05-19 20:09:47','06F43H2S28KNWX71TSF7MWWTA4'),
('01KS0XQP0GB0QYKM6QTX3YQ16E',601,60101,'Puntarenas','2026-05-19 20:09:47','06F43H2S28KNWX71TSF7MWWTA4'),
('01KS0XQP0GB0QYKM6QTX3YQ16F',601,60102,'Pitahaya','2026-05-19 20:09:47','06F43H2S28KNWX71TSF7MWWTA4'),
('01KS0XQP0GB0QYKM6QTX3YQ16G',601,60103,'Chomes','2026-05-19 20:09:47','06F43H2S28KNWX71TSF7MWWTA4'),
('01KS0XQP0HGXCVR3VW2FN2TKH6',601,60104,'Lepanto','2026-05-19 20:09:47','06F43H2S28KNWX71TSF7MWWTA4'),
('01KS0XQP0HGXCVR3VW2FN2TKH7',601,60105,'Paquera','2026-05-19 20:09:47','06F43H2S28KNWX71TSF7MWWTA4'),
('01KS0XQP0HGXCVR3VW2FN2TKH8',601,60106,'Manzanillo','2026-05-19 20:09:47','06F43H2S28KNWX71TSF7MWWTA4'),
('01KS0XQP0JYK7NVHVD4GAAADJ6',601,60107,'Guacimal','2026-05-19 20:09:47','06F43H2S28KNWX71TSF7MWWTA4'),
('01KS0XQP0JYK7NVHVD4GAAADJ7',601,60108,'Barranca','2026-05-19 20:09:47','06F43H2S28KNWX71TSF7MWWTA4'),
('01KS0XQP0JYK7NVHVD4GAAADJ8',601,60110,'Isla del Coco','2026-05-19 20:09:47','06F43H2S28KNWX71TSF7MWWTA4'),
('01KS0XQP0KBAVVJ2AVW3DEWTGM',601,60111,'Cóbano','2026-05-19 20:09:47','06F43H2S28KNWX71TSF7MWWTA4'),
('01KS0XQP0KBAVVJ2AVW3DEWTGN',601,60112,'Chacarita','2026-05-19 20:09:47','06F43H2S28KNWX71TSF7MWWTA4'),
('01KS0XQP0KBAVVJ2AVW3DEWTGP',601,60113,'Chira','2026-05-19 20:09:47','06F43H2S28KNWX71TSF7MWWTA4'),
('01KS0XQP0MRT0Q3GVB8XSY9X7R',601,60114,'Acapulco','2026-05-19 20:09:47','06F43H2S28KNWX71TSF7MWWTA4'),
('01KS0XQP0MRT0Q3GVB8XSY9X7S',601,60115,'El Roble','2026-05-19 20:09:47','06F43H2S28KNWX71TSF7MWWTA4'),
('01KS0XQP0NY9X5KXQHS3HTXE4N',601,60116,'Arancibia','2026-05-19 20:09:47','06F43H2S28KNWX71TSF7MWWTA4'),
('01KS0XQP0NY9X5KXQHS3HTXE4P',602,60201,'Espíritu Santo','2026-05-19 20:09:47','06F43H2S28KNWX71TSF7MWWTA4'),
('01KS0XQP0NY9X5KXQHS3HTXE4Q',602,60202,'San Juan Grande','2026-05-19 20:09:47','06F43H2S28KNWX71TSF7MWWTA4'),
('01KS0XQP0P2ZS8AEFS0F4YRHBC',602,60203,'Macacona','2026-05-19 20:09:47','06F43H2S28KNWX71TSF7MWWTA4'),
('01KS0XQP0P2ZS8AEFS0F4YRHBD',602,60204,'San Rafael','2026-05-19 20:09:47','06F43H2S28KNWX71TSF7MWWTA4'),
('01KS0XQP0P2ZS8AEFS0F4YRHBE',602,60205,'San Jerónimo','2026-05-19 20:09:47','06F43H2S28KNWX71TSF7MWWTA4'),
('01KS0XQP0P2ZS8AEFS0F4YRHBF',602,60206,'Caldera','2026-05-19 20:09:47','06F43H2S28KNWX71TSF7MWWTA4'),
('01KS0XQP0QFFZMKH4V0GZVVHAP',603,60301,'Buenos Aires','2026-05-19 20:09:47','06F43H2S28KNWX71TSF7MWWTA4'),
('01KS0XQP0QFFZMKH4V0GZVVHAQ',603,60302,'Volcán','2026-05-19 20:09:47','06F43H2S28KNWX71TSF7MWWTA4'),
('01KS0XQP0QFFZMKH4V0GZVVHAR',603,60303,'Potrero Grande','2026-05-19 20:09:47','06F43H2S28KNWX71TSF7MWWTA4'),
('01KS0XQP0RRG3NB0B3PQJCV0JR',603,60304,'Boruca','2026-05-19 20:09:47','06F43H2S28KNWX71TSF7MWWTA4'),
('01KS0XQP0RRG3NB0B3PQJCV0JS',603,60305,'Pilas','2026-05-19 20:09:47','06F43H2S28KNWX71TSF7MWWTA4'),
('01KS0XQP0RRG3NB0B3PQJCV0JT',603,60306,'Colinas','2026-05-19 20:09:47','06F43H2S28KNWX71TSF7MWWTA4'),
('01KS0XQP0SVXEENJAHQTV43SY0',603,60307,'Chánguena','2026-05-19 20:09:47','06F43H2S28KNWX71TSF7MWWTA4'),
('01KS0XQP0SVXEENJAHQTV43SY1',603,60308,'Biolley','2026-05-19 20:09:47','06F43H2S28KNWX71TSF7MWWTA4'),
('01KS0XQP0TNT7CRTR70A9Q2TSN',603,60309,'Brunka','2026-05-19 20:09:47','06F43H2S28KNWX71TSF7MWWTA4'),
('01KS0XQP0TNT7CRTR70A9Q2TSP',603,60310,'Cabagra','2026-05-19 20:09:47','06F43H2S28KNWX71TSF7MWWTA4'),
('01KS0XQP0TNT7CRTR70A9Q2TSQ',604,60401,'Miramar','2026-05-19 20:09:47','06F43H2S28KNWX71TSF7MWWTA4'),
('01KS0XQP0VDFJQJ72R5S96287E',604,60402,'La Unión','2026-05-19 20:09:47','06F43H2S28KNWX71TSF7MWWTA4'),
('01KS0XQP0VDFJQJ72R5S96287F',604,60403,'San Isidro','2026-05-19 20:09:47','06F43H2S28KNWX71TSF7MWWTA4'),
('01KS0XQP0W59CM8FM9QBNWG6DM',605,60501,'Puerto Cortés','2026-05-19 20:09:47','06F43H2S28KNWX71TSF7MWWTA4'),
('01KS0XQP0W59CM8FM9QBNWG6DN',605,60502,'Palmar','2026-05-19 20:09:47','06F43H2S28KNWX71TSF7MWWTA4'),
('01KS0XQP0W59CM8FM9QBNWG6DP',605,60503,'Sierpe','2026-05-19 20:09:47','06F43H2S28KNWX71TSF7MWWTA4'),
('01KS0XQP0XVQC2MRYF980J6718',605,60504,'Bahía Ballena','2026-05-19 20:09:47','06F43H2S28KNWX71TSF7MWWTA4'),
('01KS0XQP0XVQC2MRYF980J6719',605,60505,'Piedras Blancas','2026-05-19 20:09:47','06F43H2S28KNWX71TSF7MWWTA4'),
('01KS0XQP0XVQC2MRYF980J671A',605,60506,'Bahía Drake','2026-05-19 20:09:47','06F43H2S28KNWX71TSF7MWWTA4'),
('01KS0XQP0YGD849F4YQBQA8Y65',606,60601,'Quepos','2026-05-19 20:09:47','06F43H2S28KNWX71TSF7MWWTA4'),
('01KS0XQP0YGD849F4YQBQA8Y66',606,60602,'Savegre','2026-05-19 20:09:47','06F43H2S28KNWX71TSF7MWWTA4'),
('01KS0XQP0YGD849F4YQBQA8Y67',606,60603,'Naranjito','2026-05-19 20:09:47','06F43H2S28KNWX71TSF7MWWTA4'),
('01KS0XQP0Z7GN9T61SMM8F65YT',607,60701,'Golfito','2026-05-19 20:09:47','06F43H2S28KNWX71TSF7MWWTA4'),
('01KS0XQP0Z7GN9T61SMM8F65YV',607,60703,'Guaycará','2026-05-19 20:09:47','06F43H2S28KNWX71TSF7MWWTA4'),
('01KS0XQP0Z7GN9T61SMM8F65YW',607,60704,'Pavón','2026-05-19 20:09:47','06F43H2S28KNWX71TSF7MWWTA4'),
('01KS0XQP10Q9VHTQ1KKG3KQ7ND',608,60801,'San Vito','2026-05-19 20:09:47','06F43H2S28KNWX71TSF7MWWTA4'),
('01KS0XQP10Q9VHTQ1KKG3KQ7NE',608,60802,'Sabalito','2026-05-19 20:09:47','06F43H2S28KNWX71TSF7MWWTA4'),
('01KS0XQP11404ME71YN55GPMM6',608,60803,'Aguabuena','2026-05-19 20:09:47','06F43H2S28KNWX71TSF7MWWTA4'),
('01KS0XQP11404ME71YN55GPMM7',608,60804,'Limoncito','2026-05-19 20:09:47','06F43H2S28KNWX71TSF7MWWTA4'),
('01KS0XQP11404ME71YN55GPMM8',608,60805,'Pittier','2026-05-19 20:09:47','06F43H2S28KNWX71TSF7MWWTA4'),
('01KS0XQP12KVZA14PA2AS4XNFG',608,60806,'Gutiérrez Braun','2026-05-19 20:09:47','06F43H2S28KNWX71TSF7MWWTA4'),
('01KS0XQP12KVZA14PA2AS4XNFH',609,60901,'Parrita','2026-05-19 20:09:47','06F43H2S28KNWX71TSF7MWWTA4'),
('01KS0XQP12KVZA14PA2AS4XNFJ',610,61001,'Corredor','2026-05-19 20:09:47','06F43H2S28KNWX71TSF7MWWTA4'),
('01KS0XQP13WN86QX1SE6HGT14G',610,61002,'La Cuesta','2026-05-19 20:09:47','06F43H2S28KNWX71TSF7MWWTA4'),
('01KS0XQP13WN86QX1SE6HGT14H',610,61003,'Canoas','2026-05-19 20:09:47','06F43H2S28KNWX71TSF7MWWTA4'),
('01KS0XQP13WN86QX1SE6HGT14J',610,61004,'Laurel','2026-05-19 20:09:47','06F43H2S28KNWX71TSF7MWWTA4'),
('01KS0XQP14VRAJVT55PGGP6XDF',611,61101,'Jacó','2026-05-19 20:09:47','06F43H2S28KNWX71TSF7MWWTA4'),
('01KS0XQP14VRAJVT55PGGP6XDG',611,61102,'Tárcoles','2026-05-19 20:09:47','06F43H2S28KNWX71TSF7MWWTA4'),
('01KS0XQP15Y7J1H93R3BXAF25W',611,61103,'Lagunillas','2026-05-19 20:09:47','06F43H2S28KNWX71TSF7MWWTA4'),
('01KS0XQP15Y7J1H93R3BXAF25X',612,61201,'Monteverde','2026-05-19 20:09:47','06F43H2S28KNWX71TSF7MWWTA4'),
('01KS0XQP15Y7J1H93R3BXAF25Y',613,61301,'Puerto Jiménez','2026-05-19 20:09:47','06F43H2S28KNWX71TSF7MWWTA4'),
('01KS0XQP165BNHR7TZVFYKKCXF',701,70101,'Limón','2026-05-19 20:09:47','06F43H2S28KNWX71TSF7MWWTA4'),
('01KS0XQP165BNHR7TZVFYKKCXG',701,70102,'Valle La Estrella','2026-05-19 20:09:47','06F43H2S28KNWX71TSF7MWWTA4'),
('01KS0XQP165BNHR7TZVFYKKCXH',701,70103,'Río Blanco','2026-05-19 20:09:47','06F43H2S28KNWX71TSF7MWWTA4'),
('01KS0XQP17X1S22KGBH9NHVQF6',701,70104,'Matama','2026-05-19 20:09:47','06F43H2S28KNWX71TSF7MWWTA4'),
('01KS0XQP17X1S22KGBH9NHVQF7',702,70201,'Guápiles','2026-05-19 20:09:47','06F43H2S28KNWX71TSF7MWWTA4'),
('01KS0XQP17X1S22KGBH9NHVQF8',702,70202,'Jiménez','2026-05-19 20:09:47','06F43H2S28KNWX71TSF7MWWTA4'),
('01KS0XQP18V1YS6S9SZ7YHEYDG',702,70203,'Rita','2026-05-19 20:09:47','06F43H2S28KNWX71TSF7MWWTA4'),
('01KS0XQP18V1YS6S9SZ7YHEYDH',702,70204,'Roxana','2026-05-19 20:09:47','06F43H2S28KNWX71TSF7MWWTA4'),
('01KS0XQP18V1YS6S9SZ7YHEYDJ',702,70205,'Cariari','2026-05-19 20:09:47','06F43H2S28KNWX71TSF7MWWTA4'),
('01KS0XQP19AM84VCPDH5GZ6AT6',702,70206,'Colorado','2026-05-19 20:09:47','06F43H2S28KNWX71TSF7MWWTA4'),
('01KS0XQP19AM84VCPDH5GZ6AT7',702,70207,'La Colonia','2026-05-19 20:09:47','06F43H2S28KNWX71TSF7MWWTA4'),
('01KS0XQP19AM84VCPDH5GZ6AT8',703,70301,'Siquirres','2026-05-19 20:09:47','06F43H2S28KNWX71TSF7MWWTA4'),
('01KS0XQP1AT2FKS24YN7EF85D1',703,70302,'Pacuarito','2026-05-19 20:09:47','06F43H2S28KNWX71TSF7MWWTA4'),
('01KS0XQP1AT2FKS24YN7EF85D2',703,70303,'Florida','2026-05-19 20:09:47','06F43H2S28KNWX71TSF7MWWTA4'),
('01KS0XQP1AT2FKS24YN7EF85D3',703,70304,'Germania','2026-05-19 20:09:47','06F43H2S28KNWX71TSF7MWWTA4'),
('01KS0XQP1BQ69613M5QV71F2JK',703,70305,'El Cairo','2026-05-19 20:09:47','06F43H2S28KNWX71TSF7MWWTA4'),
('01KS0XQP1BQ69613M5QV71F2JM',703,70306,'Alegría','2026-05-19 20:09:47','06F43H2S28KNWX71TSF7MWWTA4'),
('01KS0XQP1BQ69613M5QV71F2JN',703,70307,'Reventazón','2026-05-19 20:09:47','06F43H2S28KNWX71TSF7MWWTA4'),
('01KS0XQP1BQ69613M5QV71F2JP',704,70401,'Bratsi','2026-05-19 20:09:47','06F43H2S28KNWX71TSF7MWWTA4'),
('01KS0XQP1C4HDJKFEXJX3NMND7',704,70402,'Sixaola','2026-05-19 20:09:47','06F43H2S28KNWX71TSF7MWWTA4'),
('01KS0XQP1C4HDJKFEXJX3NMND8',704,70403,'Cahuita','2026-05-19 20:09:47','06F43H2S28KNWX71TSF7MWWTA4'),
('01KS0XQP1C4HDJKFEXJX3NMND9',704,70404,'Telire','2026-05-19 20:09:47','06F43H2S28KNWX71TSF7MWWTA4'),
('01KS0XQP1DNP41AVNC0TAWG5GR',705,70501,'Matina','2026-05-19 20:09:47','06F43H2S28KNWX71TSF7MWWTA4'),
('01KS0XQP1DNP41AVNC0TAWG5GS',705,70502,'Batán','2026-05-19 20:09:47','06F43H2S28KNWX71TSF7MWWTA4'),
('01KS0XQP1DNP41AVNC0TAWG5GT',705,70503,'Carrandí','2026-05-19 20:09:47','06F43H2S28KNWX71TSF7MWWTA4'),
('01KS0XQP1EHKP3T032WVBATPC3',706,70601,'Guácimo','2026-05-19 20:09:47','06F43H2S28KNWX71TSF7MWWTA4'),
('01KS0XQP1EHKP3T032WVBATPC4',706,70602,'Mercedes','2026-05-19 20:09:47','06F43H2S28KNWX71TSF7MWWTA4'),
('01KS0XQP1EHKP3T032WVBATPC5',706,70603,'Pocora','2026-05-19 20:09:47','06F43H2S28KNWX71TSF7MWWTA4'),
('01KS0XQP1FAYZJRTEYFZPCG1K2',706,70604,'Río Jiménez','2026-05-19 20:09:47','06F43H2S28KNWX71TSF7MWWTA4'),
('01KS0XQP1FAYZJRTEYFZPCG1K3',706,70605,'Duacarí','2026-05-19 20:09:47','06F43H2S28KNWX71TSF7MWWTA4'),
('01KVMEJ41H71826YBP3041QRMP',703,70914,'ninguno','2026-06-21 06:40:48','06F43H2S28KNWX71TSF7MWWTA4');
/*!40000 ALTER TABLE `districts` ENABLE KEYS */;
UNLOCK TABLES;
COMMIT;
SET AUTOCOMMIT=@OLD_AUTOCOMMIT;

--
-- Table structure for table `geomanifestations`
--

DROP TABLE IF EXISTS `geomanifestations`;
/*!40101 SET @saved_cs_client     = @@character_set_client */;
/*!40101 SET character_set_client = utf8mb4 */;
CREATE TABLE `geomanifestations` (
  `geomanifestation_id` char(26) NOT NULL,
  `province_snit_code` mediumint(9) unsigned DEFAULT NULL,
  `canton_snit_code` mediumint(9) unsigned DEFAULT NULL,
  `district_snit_code` mediumint(9) unsigned DEFAULT NULL,
  `current_georeport_id` char(26) DEFAULT NULL,
  `geomanifestation_name` varchar(110) NOT NULL DEFAULT 'GM - Sin Nombre',
  `latitude` double NOT NULL,
  `longitude` double NOT NULL,
  `description` varchar(255) DEFAULT NULL,
  `visibility` tinyint(1) NOT NULL DEFAULT 0,
  `created_at` timestamp NOT NULL DEFAULT current_timestamp(),
  `created_by` char(26) NOT NULL
) ENGINE=InnoDB DEFAULT CHARSET=utf8mb4 COLLATE=utf8mb4_general_ci;
/*!40101 SET character_set_client = @saved_cs_client */;

--
-- Dumping data for table `geomanifestations`
--

SET @OLD_AUTOCOMMIT=@@AUTOCOMMIT, @@AUTOCOMMIT=0;
LOCK TABLES `geomanifestations` WRITE;
/*!40000 ALTER TABLE `geomanifestations` DISABLE KEYS */;
INSERT INTO `geomanifestations` VALUES
('01KS1GQQFB2806DZH3Z3ZWED5W',5,504,50401,'01KVNN45RN0W7QYCC7RQ0RGRE8','Termal Sitio U-1',8.230613708496094,-88.52119445800781,'Imported from Bagaces test data',0,'2026-05-20 01:41:51','06F43H2S28KNWX71TSF7MWWTA4'),
('01KS1GQQFR29SPWGPGMEM0QNPS',5,504,50401,'01KS1GQQFWQB3YCM8CEKFEP0D4','Termal CTP-1',8.21452808380127,-85.52091979980469,'Imported from Bagaces test data',1,'2026-05-20 01:41:51','06F43H2S28KNWX71TSF7MWWTA4'),
('01KS1GQQG0YEQ8MM4F4J6QRD4J',5,504,50401,'01KS1GQQG20BAEFEMFBNKYZ2D5','Termal CTP-2',8.211665153503418,-85.52137756347656,'Imported from Bagaces test data',1,'2026-05-20 01:41:51','06F43H2S28KNWX71TSF7MWWTA4'),
('01KS1GQQG3HVE0AWZ4YVE8Z56K',5,504,50401,'01KS1GQQG4XMKEGJ6NG5DH00FS','Termal CTP-3',8.21165657043457,-85.52117919921875,'Imported from Bagaces test data',1,'2026-05-20 01:41:51','06F43H2S28KNWX71TSF7MWWTA4'),
('01KS1GQQG59TQQ1KKS57X4S8D0',5,504,50401,'01KS1GQQG654QE46W5CDZ0HEDP','Termal Guayabal',8.294615745544434,-85.50072479248047,'Imported from Bagaces test data',1,'2026-05-20 01:41:51','06F43H2S28KNWX71TSF7MWWTA4'),
('01KS1GQQG7Y7827339A1NTHSEP',5,504,50401,'01KS1GQQG80HSGC9Z1CCRSRN62','Termal Josue Ulate',8.280424118041992,-85.5054702758789,'Imported from Bagaces test data',1,'2026-05-20 01:41:51','06F43H2S28KNWX71TSF7MWWTA4'),
('01KS1GQQG9F68TKK82J8FR6CN2',5,504,50401,'01KS1GQQGA9ZJRMMPQQ3B7HPTH','Termal R. Perdido-2',8.137879371643066,-85.51396179199219,'Imported from Bagaces test data',1,'2026-05-20 01:41:51','06F43H2S28KNWX71TSF7MWWTA4'),
('01KS1GQQGCZTSM0JWVKPGFMXSS',5,504,50401,'01KS1GQQGDSSQQ09JNBM18R05P','Termal R. Perdido-3',8.137676239013672,-85.51388549804688,'Imported from Bagaces test data',1,'2026-05-20 01:41:51','06F43H2S28KNWX71TSF7MWWTA4'),
('01KS1GQQGEGT626AE1ZRE719A0',5,504,50401,'01KS1GQQGFRBJ6DXH4T1FHRBD5','Termal R. Perdido-4',8.137364387512207,-85.51394653320312,'Imported from Bagaces test data',1,'2026-05-20 01:41:51','06F43H2S28KNWX71TSF7MWWTA4'),
('01KS1GQQGFRBJ6DXH4T1FHRBD6',5,504,50401,'01KS1GQQGGXA38WKA3CHTQM9JP','Termal Guayacan',8.260390281677246,-85.50739288330078,'Imported from Bagaces test data',1,'2026-05-20 01:41:51','06F43H2S28KNWX71TSF7MWWTA4'),
('01KVMCKPPVGP9QMPGWXXZP1DH3',5,504,50401,NULL,'Termal CTP-13 TEST',8.2145281,-85.5209198,'Imported from Bagaces test data',0,'2026-06-21 06:06:43','06F43H2S28KNWX71TSF7MWWTA4'),
('01KVMD7SR6AKF90PK3F5W66DGJ',5,204,50401,NULL,'Termal CTP-1',8.2145281,-85.5209198,'Imported from Bagaces test data',1,'2026-06-21 06:17:41','06F43H2S28KNWX71TSF7MWWTA4'),
('01KVMDMJ4GJJCGXF0P3A9YWRAF',5,504,50401,NULL,'Termal CTP-14 TEST',8.2145281,-85.5209198,'Imported from Bagaces test data',0,'2026-06-21 06:24:40','06F43H2S28KNWX71TSF7MWWTA4'),
('01KVMEJ43NYS3Y39H657Q3MWH8',5,504,50401,NULL,'Termal CTP-14 TEST',8.2145281,-85.5209198,'Imported from Bagaces test data',0,'2026-06-21 06:40:48','06F43H2S28KNWX71TSF7MWWTA4'),
('01KVMENRCFTAD8FX5BM13YMNKW',5,504,50401,NULL,'Termal CTP-14 TEST',8.2145281,-85.5209198,'Imported from Bagaces test data',0,'2026-06-21 06:42:47','06F43H2S28KNWX71TSF7MWWTA4'),
('01KVNG6Y3H9P7B5PWTPS2QG36H',5,504,50401,NULL,'Termal CTP-14 TEST',8.2145281,-85.5209198,'Imported from Bagaces test data',0,'2026-06-21 16:28:53','06F43H2S28KNWX71TSF7MWWTA4'),
('01KVNHNKVPV1ZZJ5R96XYN7W8P',5,504,50401,NULL,'Termal CTP-14 TEST',8.2145281,-85.5209198,'Imported from Bagaces test data',0,'2026-06-21 16:54:23','06F43H2S28KNWX71TSF7MWWTA4'),
('01KVNJN9KC7GQKCHXZ3VYNGJ9C',5,504,50401,NULL,'Termal CTP-14 TEST',8.2145281,-85.5209198,'Imported from Bagaces test data',0,'2026-06-21 17:11:41','06F43H2S28KNWX71TSF7MWWTA4'),
('01KVNKAWRV2GNB0AVMCAVZSM7S',5,504,50401,NULL,'Termal CTP-14 TEST',8.2145281,-85.5209198,'Imported from Bagaces test data',0,'2026-06-21 17:23:29','06F43H2S28KNWX71TSF7MWWTA4'),
('01KVNMN2JN9M1MZAKB1VFGEF0C',5,504,50401,NULL,'Termal CTP-14 TEST',8.2145281,-85.5209198,'Imported from Bagaces test data',0,'2026-06-21 17:46:31','06F43H2S28KNWX71TSF7MWWTA4'),
('01KVNN0ZV700QZBZXVSF9Z781X',5,504,50401,NULL,'Termal CTP-14 TEST',8.2145281,-85.5209198,'Imported from Bagaces test data',0,'2026-06-21 17:53:01','06F43H2S28KNWX71TSF7MWWTA4');
/*!40000 ALTER TABLE `geomanifestations` ENABLE KEYS */;
UNLOCK TABLES;
COMMIT;
SET AUTOCOMMIT=@OLD_AUTOCOMMIT;

--
-- Table structure for table `georeports`
--

DROP TABLE IF EXISTS `georeports`;
/*!40101 SET @saved_cs_client     = @@character_set_client */;
/*!40101 SET character_set_client = utf8mb4 */;
CREATE TABLE `georeports` (
  `georeport_id` char(26) NOT NULL,
  `geomanifestation_id` char(26) NOT NULL,
  `insitu_test_id` char(26) NOT NULL,
  `inlab_test_id` char(26) NOT NULL,
  `details` varchar(500) DEFAULT NULL,
  `created_by` char(26) NOT NULL,
  `created_at` timestamp NOT NULL DEFAULT current_timestamp()
) ENGINE=InnoDB DEFAULT CHARSET=utf8mb4 COLLATE=utf8mb4_general_ci;
/*!40101 SET character_set_client = @saved_cs_client */;

--
-- Dumping data for table `georeports`
--

SET @OLD_AUTOCOMMIT=@@AUTOCOMMIT, @@AUTOCOMMIT=0;
LOCK TABLES `georeports` WRITE;
/*!40000 ALTER TABLE `georeports` DISABLE KEYS */;
INSERT INTO `georeports` VALUES
('01KS1GQQFWQB3YCM8CEKFEP0D4','01KS1GQQFR29SPWGPGMEM0QNPS','01KS1GQQFS3MCQ6XVFEW30DVRE','01KS1GQQFTENKANP3ZZ4EPDJNW','Initial import from Bagaces data','06F43H2S28KNWX71TSF7MWWTA4','2026-05-20 01:41:51'),
('01KS1GQQG20BAEFEMFBNKYZ2D5','01KS1GQQG0YEQ8MM4F4J6QRD4J','01KS1GQQG1T3MA9G8K7QRQ4PWF','01KS1GQQG1T3MA9G8K7QRQ4PWG','Initial import from Bagaces data','06F43H2S28KNWX71TSF7MWWTA4','2026-05-20 01:41:51'),
('01KS1GQQG4XMKEGJ6NG5DH00FS','01KS1GQQG3HVE0AWZ4YVE8Z56K','01KS1GQQG3HVE0AWZ4YVE8Z56M','01KS1GQQG4XMKEGJ6NG5DH00FR','Initial import from Bagaces data','06F43H2S28KNWX71TSF7MWWTA4','2026-05-20 01:41:51'),
('01KS1GQQG654QE46W5CDZ0HEDP','01KS1GQQG59TQQ1KKS57X4S8D0','01KS1GQQG654QE46W5CDZ0HEDM','01KS1GQQG654QE46W5CDZ0HEDN','Initial import from Bagaces data','06F43H2S28KNWX71TSF7MWWTA4','2026-05-20 01:41:51'),
('01KS1GQQG80HSGC9Z1CCRSRN62','01KS1GQQG7Y7827339A1NTHSEP','01KS1GQQG80HSGC9Z1CCRSRN60','01KS1GQQG80HSGC9Z1CCRSRN61','Initial import from Bagaces data','06F43H2S28KNWX71TSF7MWWTA4','2026-05-20 01:41:51'),
('01KS1GQQGA9ZJRMMPQQ3B7HPTH','01KS1GQQG9F68TKK82J8FR6CN2','01KS1GQQGA9ZJRMMPQQ3B7HPTF','01KS1GQQGA9ZJRMMPQQ3B7HPTG','Initial import from Bagaces data','06F43H2S28KNWX71TSF7MWWTA4','2026-05-20 01:41:51'),
('01KS1GQQGDSSQQ09JNBM18R05P','01KS1GQQGCZTSM0JWVKPGFMXSS','01KS1GQQGCZTSM0JWVKPGFMXST','01KS1GQQGDSSQQ09JNBM18R05N','Initial import from Bagaces data','06F43H2S28KNWX71TSF7MWWTA4','2026-05-20 01:41:51'),
('01KS1GQQGFRBJ6DXH4T1FHRBD5','01KS1GQQGEGT626AE1ZRE719A0','01KS1GQQGEGT626AE1ZRE719A1','01KS1GQQGEGT626AE1ZRE719A2','Initial import from Bagaces data','06F43H2S28KNWX71TSF7MWWTA4','2026-05-20 01:41:51'),
('01KS1GQQGGXA38WKA3CHTQM9JP','01KS1GQQGFRBJ6DXH4T1FHRBD6','01KS1GQQGGXA38WKA3CHTQM9JM','01KS1GQQGGXA38WKA3CHTQM9JN','Initial import from Bagaces data','06F43H2S28KNWX71TSF7MWWTA4','2026-05-20 01:41:51'),
('01KVMB0MMV26P9JAB49B3M1ESE','01KS1GQQFB2806DZH3Z3ZWED5W','01KVMA42YA25B2FYQ4TX1NZK3D','01KVM8ZYWZANKNET61YN9VMPKK',NULL,'06F43H2S28KNWX71TSF7MWWTA4','2026-06-21 05:38:50'),
('01KVMEJ4DAAK71ZM5N7ASAQQX2','01KS1GQQFB2806DZH3Z3ZWED5W','01KVMA42YA25B2FYQ4TX1NZK3D','01KVM8ZYWZANKNET61YN9VMPKK',NULL,'06F43H2S28KNWX71TSF7MWWTA4','2026-06-21 06:40:49'),
('01KVMENRPYH0R1BVS6TJRENH1M','01KS1GQQFB2806DZH3Z3ZWED5W','01KVMA42YA25B2FYQ4TX1NZK3D','01KVM8ZYWZANKNET61YN9VMPKK',NULL,'06F43H2S28KNWX71TSF7MWWTA4','2026-06-21 06:42:48'),
('01KVNG6YD54D713J6HQXMK0057','01KS1GQQFB2806DZH3Z3ZWED5W','01KVMA42YA25B2FYQ4TX1NZK3D','01KVM8ZYWZANKNET61YN9VMPKK',NULL,'06F43H2S28KNWX71TSF7MWWTA4','2026-06-21 16:28:54'),
('01KVNN45RN0W7QYCC7RQ0RGRE8','01KS1GQQFB2806DZH3Z3ZWED5W','01KVMA42YA25B2FYQ4TX1NZK3D','01KVM8ZYWZANKNET61YN9VMPKK',NULL,'06F43H2S28KNWX71TSF7MWWTA4','2026-06-21 17:54:46');
/*!40000 ALTER TABLE `georeports` ENABLE KEYS */;
UNLOCK TABLES;
COMMIT;
SET AUTOCOMMIT=@OLD_AUTOCOMMIT;

--
-- Table structure for table `inlab_tests`
--

DROP TABLE IF EXISTS `inlab_tests`;
/*!40101 SET @saved_cs_client     = @@character_set_client */;
/*!40101 SET character_set_client = utf8mb4 */;
CREATE TABLE `inlab_tests` (
  `inlab_test_id` char(26) NOT NULL,
  `geomanifestation_id` char(26) NOT NULL,
  `ph` double(10,2) NOT NULL DEFAULT 0.00,
  `conductivity` double(10,4) NOT NULL DEFAULT 0.0000,
  `cl` double(10,4) NOT NULL DEFAULT 0.0000,
  `ca` decimal(10,4) NOT NULL DEFAULT 0.0000,
  `hco3` double(10,4) NOT NULL DEFAULT 0.0000,
  `so4` decimal(10,4) NOT NULL DEFAULT 0.0000,
  `fe` double(10,4) NOT NULL DEFAULT 0.0000,
  `si` double(10,4) NOT NULL DEFAULT 0.0000,
  `b` double(10,4) NOT NULL DEFAULT 0.0000,
  `li` double(10,4) NOT NULL DEFAULT 0.0000,
  `f` double(10,4) NOT NULL DEFAULT 0.0000,
  `na` double(10,4) NOT NULL DEFAULT 0.0000,
  `k` double(10,4) NOT NULL DEFAULT 0.0000,
  `mg` double(10,4) NOT NULL DEFAULT 0.0000,
  `description` varchar(255) DEFAULT NULL,
  `created_at` timestamp NOT NULL DEFAULT current_timestamp(),
  `created_by` char(26) NOT NULL
) ENGINE=InnoDB DEFAULT CHARSET=utf8mb4 COLLATE=utf8mb4_general_ci;
/*!40101 SET character_set_client = @saved_cs_client */;

--
-- Dumping data for table `inlab_tests`
--

SET @OLD_AUTOCOMMIT=@@AUTOCOMMIT, @@AUTOCOMMIT=0;
LOCK TABLES `inlab_tests` WRITE;
/*!40000 ALTER TABLE `inlab_tests` DISABLE KEYS */;
INSERT INTO `inlab_tests` VALUES
('01KS1GQQFGF6XMHDSHQ369BMFQ','01KS1GQQFB2806DZH3Z3ZWED5W',6.96,523.0000,9.8000,58.9000,246.0000,60.8000,0.0000,157.0000,1.0000,0.0000,0.0000,57.7000,11.2000,16.9000,'Laboratory analysis','2026-05-20 01:41:51','06F43H2S28KNWX71TSF7MWWTA4'),
('01KS1GQQFTENKANP3ZZ4EPDJNW','01KS1GQQFR29SPWGPGMEM0QNPS',6.37,665.0000,12.2000,59.8000,389.0000,42.1000,0.0000,142.0000,0.0000,0.0000,0.0000,68.8000,15.5000,32.7000,'Laboratory analysis','2026-05-20 01:41:51','06F43H2S28KNWX71TSF7MWWTA4'),
('01KS1GQQG1T3MA9G8K7QRQ4PWG','01KS1GQQG0YEQ8MM4F4J6QRD4J',6.74,915.0000,16.2000,78.4000,578.0000,58.1000,0.0000,150.0000,0.0000,0.0000,0.0000,104.2000,10.6000,46.3000,'Laboratory analysis','2026-05-20 01:41:51','06F43H2S28KNWX71TSF7MWWTA4'),
('01KS1GQQG4XMKEGJ6NG5DH00FR','01KS1GQQG3HVE0AWZ4YVE8Z56K',6.38,912.0000,15.9000,79.2000,551.5000,57.4000,0.0000,150.0000,0.0000,0.0000,0.0000,107.1000,14.1000,45.9000,'Laboratory analysis','2026-05-20 01:41:51','06F43H2S28KNWX71TSF7MWWTA4'),
('01KS1GQQG654QE46W5CDZ0HEDN','01KS1GQQG59TQQ1KKS57X4S8D0',2.17,7480.0000,728.0000,104.0000,0.0000,3344.0000,103.0000,265.0000,4.0000,0.0000,0.0000,55.0000,3.0000,37.0000,'Laboratory analysis','2026-05-20 01:41:51','06F43H2S28KNWX71TSF7MWWTA4'),
('01KS1GQQG80HSGC9Z1CCRSRN61','01KS1GQQG7Y7827339A1NTHSEP',2.78,2770.0000,188.0000,203.0000,0.0000,1383.0000,2.9200,162.0000,2.0000,0.0000,0.0000,56.0000,9.0000,65.0000,'Laboratory analysis','2026-05-20 01:41:51','06F43H2S28KNWX71TSF7MWWTA4'),
('01KS1GQQGA9ZJRMMPQQ3B7HPTG','01KS1GQQG9F68TKK82J8FR6CN2',6.24,900.0000,80.1000,59.4000,447.0000,14.2000,0.0000,155.0000,0.0000,0.0000,0.0000,184.3000,16.6000,26.8000,'Laboratory analysis','2026-05-20 01:41:51','06F43H2S28KNWX71TSF7MWWTA4'),
('01KS1GQQGDSSQQ09JNBM18R05N','01KS1GQQGCZTSM0JWVKPGFMXSS',6.09,482.0000,6.2000,45.3000,327.5000,5.6000,0.0000,131.0000,0.0000,0.0000,0.0000,59.6000,8.8000,21.0000,'Laboratory analysis','2026-05-20 01:41:51','06F43H2S28KNWX71TSF7MWWTA4'),
('01KS1GQQGEGT626AE1ZRE719A2','01KS1GQQGEGT626AE1ZRE719A0',6.05,368.0000,5.6000,36.8000,251.0000,2.9000,0.0000,120.0000,0.0000,0.0000,0.0000,40.0000,8.7000,17.0000,'Laboratory analysis','2026-05-20 01:41:51','06F43H2S28KNWX71TSF7MWWTA4'),
('01KS1GQQGGXA38WKA3CHTQM9JN','01KS1GQQGFRBJ6DXH4T1FHRBD6',5.86,416.0000,8.1000,46.5000,201.0000,43.5000,0.0000,124.0000,0.0000,0.0000,0.0000,41.9000,14.5000,14.3000,'Laboratory analysis','2026-05-20 01:41:51','06F43H2S28KNWX71TSF7MWWTA4'),
('01KVM8QBMKHABDEAZB046KPCHW','01KS1GQQFB2806DZH3Z3ZWED5W',0.00,0.0000,0.0000,0.0000,0.0000,0.0000,0.0000,0.0000,0.0000,0.0000,0.0000,0.0000,0.0000,0.0000,NULL,'2026-06-21 04:58:48','06F43H2S28KNWX71TSF7MWWTA4'),
('01KVM8T6P8TBQ95J409HB48DT0','01KS1GQQFB2806DZH3Z3ZWED5W',0.00,0.0000,0.0000,0.0000,0.0000,0.0000,0.0000,0.0000,0.0000,0.0000,0.0000,0.0000,0.0000,0.0000,NULL,'2026-06-21 05:00:22','06F43H2S28KNWX71TSF7MWWTA4'),
('01KVM8ZYWZANKNET61YN9VMPKK','01KS1GQQFB2806DZH3Z3ZWED5W',0.00,0.0000,0.0000,0.0000,0.0000,0.0000,0.0000,0.0000,0.0000,0.0000,0.0000,0.0000,0.0000,0.0000,NULL,'2026-06-21 05:03:30','06F43H2S28KNWX71TSF7MWWTA4'),
('01KVMEJ48XV9Z1161RXHBR32YM','01KS1GQQFB2806DZH3Z3ZWED5W',0.00,0.0000,0.0000,0.0000,0.0000,0.0000,0.0000,0.0000,0.0000,0.0000,0.0000,0.0000,0.0000,0.0000,NULL,'2026-06-21 06:40:48','06F43H2S28KNWX71TSF7MWWTA4'),
('01KVMENRJEEGDG6T0NW9HS90NW','01KS1GQQFB2806DZH3Z3ZWED5W',0.00,0.0000,0.0000,0.0000,0.0000,0.0000,0.0000,0.0000,0.0000,0.0000,0.0000,0.0000,0.0000,0.0000,NULL,'2026-06-21 06:42:48','06F43H2S28KNWX71TSF7MWWTA4'),
('01KVNG6Y96G6N2NJ9D1M7TC5JJ','01KS1GQQFB2806DZH3Z3ZWED5W',0.00,0.0000,0.0000,0.0000,0.0000,0.0000,0.0000,0.0000,0.0000,0.0000,0.0000,0.0000,0.0000,0.0000,NULL,'2026-06-21 16:28:53','06F43H2S28KNWX71TSF7MWWTA4'),
('01KVNN3W1AKP3DA2WF3PATV7QK','01KS1GQQFB2806DZH3Z3ZWED5W',0.00,0.0000,0.0000,0.0000,0.0000,0.0000,0.0000,0.0000,0.0000,0.0000,0.0000,0.0000,0.0000,0.0000,NULL,'2026-06-21 17:54:36','06F43H2S28KNWX71TSF7MWWTA4');
/*!40000 ALTER TABLE `inlab_tests` ENABLE KEYS */;
UNLOCK TABLES;
COMMIT;
SET AUTOCOMMIT=@OLD_AUTOCOMMIT;

--
-- Table structure for table `insitu_tests`
--

DROP TABLE IF EXISTS `insitu_tests`;
/*!40101 SET @saved_cs_client     = @@character_set_client */;
/*!40101 SET character_set_client = utf8mb4 */;
CREATE TABLE `insitu_tests` (
  `insitu_test_id` char(26) NOT NULL,
  `geomanifestation_id` char(26) NOT NULL,
  `temperature` double(6,2) NOT NULL DEFAULT 0.00,
  `conductivity` double(10,2) NOT NULL DEFAULT 0.00,
  `ph` double(4,2) NOT NULL DEFAULT 0.00,
  `description` varchar(255) DEFAULT NULL,
  `created_at` timestamp NOT NULL DEFAULT current_timestamp(),
  `created_by` char(26) NOT NULL
) ENGINE=InnoDB DEFAULT CHARSET=utf8mb4 COLLATE=utf8mb4_general_ci;
/*!40101 SET character_set_client = @saved_cs_client */;

--
-- Dumping data for table `insitu_tests`
--

SET @OLD_AUTOCOMMIT=@@AUTOCOMMIT, @@AUTOCOMMIT=0;
LOCK TABLES `insitu_tests` WRITE;
/*!40000 ALTER TABLE `insitu_tests` DISABLE KEYS */;
INSERT INTO `insitu_tests` VALUES
('01KS1GQQFFMQZ6MX8NS87GG403','01KS1GQQFB2806DZH3Z3ZWED5W',46.50,532.00,6.80,'Field measurement','2026-05-20 01:41:51','06F43H2S28KNWX71TSF7MWWTA4'),
('01KS1GQQFS3MCQ6XVFEW30DVRE','01KS1GQQFR29SPWGPGMEM0QNPS',41.00,685.00,6.51,'Field measurement','2026-05-20 01:41:51','06F43H2S28KNWX71TSF7MWWTA4'),
('01KS1GQQG1T3MA9G8K7QRQ4PWF','01KS1GQQG0YEQ8MM4F4J6QRD4J',46.00,940.00,6.70,'Field measurement','2026-05-20 01:41:51','06F43H2S28KNWX71TSF7MWWTA4'),
('01KS1GQQG3HVE0AWZ4YVE8Z56M','01KS1GQQG3HVE0AWZ4YVE8Z56K',46.00,1070.00,6.26,'Field measurement','2026-05-20 01:41:51','06F43H2S28KNWX71TSF7MWWTA4'),
('01KS1GQQG654QE46W5CDZ0HEDM','01KS1GQQG59TQQ1KKS57X4S8D0',59.00,0.00,0.00,'Field measurement','2026-05-20 01:41:51','06F43H2S28KNWX71TSF7MWWTA4'),
('01KS1GQQG80HSGC9Z1CCRSRN60','01KS1GQQG7Y7827339A1NTHSEP',36.00,0.00,2.83,'Field measurement','2026-05-20 01:41:51','06F43H2S28KNWX71TSF7MWWTA4'),
('01KS1GQQGA9ZJRMMPQQ3B7HPTF','01KS1GQQG9F68TKK82J8FR6CN2',44.60,1080.00,6.18,'Field measurement','2026-05-20 01:41:51','06F43H2S28KNWX71TSF7MWWTA4'),
('01KS1GQQGCZTSM0JWVKPGFMXST','01KS1GQQGCZTSM0JWVKPGFMXSS',0.00,0.00,6.05,'Field measurement','2026-05-20 01:41:51','06F43H2S28KNWX71TSF7MWWTA4'),
('01KS1GQQGEGT626AE1ZRE719A1','01KS1GQQGEGT626AE1ZRE719A0',31.20,0.00,6.04,'Field measurement','2026-05-20 01:41:51','06F43H2S28KNWX71TSF7MWWTA4'),
('01KS1GQQGGXA38WKA3CHTQM9JM','01KS1GQQGFRBJ6DXH4T1FHRBD6',39.00,420.00,5.85,'Field measurement','2026-05-20 01:41:51','06F43H2S28KNWX71TSF7MWWTA4'),
('01KVKV422T4R9Y8FGYVCFHA2V5','01KS1GQQFB2806DZH3Z3ZWED5W',120.00,0.00,0.00,NULL,'2026-06-21 01:01:04','06F43H2S28KNWX71TSF7MWWTA4'),
('01KVM6X8W645M5WYTQGJ9S94ZA','01KS1GQQFB2806DZH3Z3ZWED5W',0.00,0.00,0.00,NULL,'2026-06-21 04:27:05','06F43H2S28KNWX71TSF7MWWTA4'),
('01KVM7C41SNCS6TSWM1FRFSVH2','01KS1GQQFB2806DZH3Z3ZWED5W',0.00,0.00,0.00,NULL,'2026-06-21 04:35:12','06F43H2S28KNWX71TSF7MWWTA4'),
('01KVM7FGF27PHQYDX1JEQEM4WN','01KS1GQQFB2806DZH3Z3ZWED5W',0.00,0.00,0.00,NULL,'2026-06-21 04:37:03','06F43H2S28KNWX71TSF7MWWTA4'),
('01KVM7QNV24XQWV7JB60NFHKCF','01KS1GQQFB2806DZH3Z3ZWED5W',0.00,0.00,0.00,NULL,'2026-06-21 04:41:30','06F43H2S28KNWX71TSF7MWWTA4'),
('01KVM7SQQ7181ZT1FQRWGKSJVC','01KS1GQQFB2806DZH3Z3ZWED5W',0.00,0.00,0.00,NULL,'2026-06-21 04:42:38','06F43H2S28KNWX71TSF7MWWTA4'),
('01KVM7ZQCZTGC6K9X48D5JHAS8','01KS1GQQFB2806DZH3Z3ZWED5W',0.00,0.00,0.00,NULL,'2026-06-21 04:45:54','06F43H2S28KNWX71TSF7MWWTA4'),
('01KVM8D0J3C2BT4D8CAX46C2F0','01KS1GQQFB2806DZH3Z3ZWED5W',0.00,0.00,0.00,NULL,'2026-06-21 04:53:09','06F43H2S28KNWX71TSF7MWWTA4'),
('01KVMA42YA25B2FYQ4TX1NZK3D','01KS1GQQFB2806DZH3Z3ZWED5W',120.00,0.00,0.00,NULL,'2026-06-21 05:23:14','06F43H2S28KNWX71TSF7MWWTA4'),
('01KVMEJ4BG8VJJ5BFS42M4QYC9','01KS1GQQFB2806DZH3Z3ZWED5W',0.00,0.00,0.00,NULL,'2026-06-21 06:40:49','06F43H2S28KNWX71TSF7MWWTA4'),
('01KVMENRN6EH6HSV5ERQ7Q104B','01KS1GQQFB2806DZH3Z3ZWED5W',0.00,0.00,0.00,NULL,'2026-06-21 06:42:48','06F43H2S28KNWX71TSF7MWWTA4'),
('01KVNG6YBMZQSKHSW76Z54NY4S','01KS1GQQFB2806DZH3Z3ZWED5W',0.00,0.00,0.00,NULL,'2026-06-21 16:28:54','06F43H2S28KNWX71TSF7MWWTA4');
/*!40000 ALTER TABLE `insitu_tests` ENABLE KEYS */;
UNLOCK TABLES;
COMMIT;
SET AUTOCOMMIT=@OLD_AUTOCOMMIT;

--
-- Table structure for table `logs`
--

DROP TABLE IF EXISTS `logs`;
/*!40101 SET @saved_cs_client     = @@character_set_client */;
/*!40101 SET character_set_client = utf8mb4 */;
CREATE TABLE `logs` (
  `id` bigint(20) NOT NULL,
  `auto_id` bigint(20) NOT NULL DEFAULT 0,
  `table_name` varchar(100) NOT NULL,
  `updated_at` datetime DEFAULT NULL,
  `updated_by` bigint(20) NOT NULL DEFAULT 0,
  `updated_by_name` varchar(100) DEFAULT NULL
) ENGINE=InnoDB DEFAULT CHARSET=utf8mb4 COLLATE=utf8mb4_general_ci;
/*!40101 SET character_set_client = @saved_cs_client */;

--
-- Dumping data for table `logs`
--

SET @OLD_AUTOCOMMIT=@@AUTOCOMMIT, @@AUTOCOMMIT=0;
LOCK TABLES `logs` WRITE;
/*!40000 ALTER TABLE `logs` DISABLE KEYS */;
/*!40000 ALTER TABLE `logs` ENABLE KEYS */;
UNLOCK TABLES;
COMMIT;
SET AUTOCOMMIT=@OLD_AUTOCOMMIT;

--
-- Table structure for table `logs_entries`
--

DROP TABLE IF EXISTS `logs_entries`;
/*!40101 SET @saved_cs_client     = @@character_set_client */;
/*!40101 SET character_set_client = utf8mb4 */;
CREATE TABLE `logs_entries` (
  `id` bigint(20) NOT NULL,
  `log_id` bigint(20) NOT NULL DEFAULT 0,
  `field_name` varchar(100) NOT NULL,
  `old_value` text DEFAULT NULL,
  `new_value` text DEFAULT NULL
) ENGINE=InnoDB DEFAULT CHARSET=utf8mb3 COLLATE=utf8mb3_general_ci;
/*!40101 SET character_set_client = @saved_cs_client */;

--
-- Dumping data for table `logs_entries`
--

SET @OLD_AUTOCOMMIT=@@AUTOCOMMIT, @@AUTOCOMMIT=0;
LOCK TABLES `logs_entries` WRITE;
/*!40000 ALTER TABLE `logs_entries` DISABLE KEYS */;
/*!40000 ALTER TABLE `logs_entries` ENABLE KEYS */;
UNLOCK TABLES;
COMMIT;
SET AUTOCOMMIT=@OLD_AUTOCOMMIT;

--
-- Table structure for table `provinces`
--

DROP TABLE IF EXISTS `provinces`;
/*!40101 SET @saved_cs_client     = @@character_set_client */;
/*!40101 SET character_set_client = utf8mb4 */;
CREATE TABLE `provinces` (
  `province_id` char(26) NOT NULL,
  `province_snit_code` mediumint(9) unsigned NOT NULL,
  `province_name` varchar(55) NOT NULL,
  `created_by` char(26) NOT NULL,
  `created_at` timestamp NOT NULL DEFAULT current_timestamp()
) ENGINE=InnoDB DEFAULT CHARSET=utf8mb4 COLLATE=utf8mb4_general_ci;
/*!40101 SET character_set_client = @saved_cs_client */;

--
-- Dumping data for table `provinces`
--

SET @OLD_AUTOCOMMIT=@@AUTOCOMMIT, @@AUTOCOMMIT=0;
LOCK TABLES `provinces` WRITE;
/*!40000 ALTER TABLE `provinces` DISABLE KEYS */;
INSERT INTO `provinces` VALUES
('01KS0XQNTDN884Y92RN30CABFR',1,'San José','06F43H2S28KNWX71TSF7MWWTA4','2026-05-19 20:09:47'),
('01KS0XQNTENRA7S6ZYRSRVFWSE',2,'Alajuela','06F43H2S28KNWX71TSF7MWWTA4','2026-05-19 20:09:47'),
('01KS0XQNTGKZ0M23PVEA2MRX5B',3,'Cartago','06F43H2S28KNWX71TSF7MWWTA4','2026-05-19 20:09:47'),
('01KS0XQNTHNVG17DD72017EC1A',4,'Heredia','06F43H2S28KNWX71TSF7MWWTA4','2026-05-19 20:09:47'),
('01KS0XQNTJWPXM13A815DHTMFF',5,'Guanacaste','06F43H2S28KNWX71TSF7MWWTA4','2026-05-19 20:09:47'),
('01KS0XQNTKGE32VVVE632SDGR8',6,'Puntarenas','06F43H2S28KNWX71TSF7MWWTA4','2026-05-19 20:09:47'),
('01KS0XQNTMTCXEY94J0G983NX1',7,'Limón','06F43H2S28KNWX71TSF7MWWTA4','2026-05-19 20:09:47'),
('01KVMEJ3XHJMCW2RJ44VTG0P1D',8,'ninguno','06F43H2S28KNWX71TSF7MWWTA4','2026-06-21 06:40:48');
/*!40000 ALTER TABLE `provinces` ENABLE KEYS */;
UNLOCK TABLES;
COMMIT;
SET AUTOCOMMIT=@OLD_AUTOCOMMIT;

--
-- Table structure for table `refresh_tokens`
--

DROP TABLE IF EXISTS `refresh_tokens`;
/*!40101 SET @saved_cs_client     = @@character_set_client */;
/*!40101 SET character_set_client = utf8mb4 */;
CREATE TABLE `refresh_tokens` (
  `refresh_token_id` char(26) NOT NULL,
  `user_id` char(26) NOT NULL,
  `token_hash` char(64) NOT NULL,
  `family_id` char(26) DEFAULT NULL,
  `expires_at` timestamp NOT NULL DEFAULT current_timestamp(),
  `used_at` timestamp NULL DEFAULT NULL,
  `is_rotated` tinyint(1) NOT NULL DEFAULT 0,
  `revoked_at` timestamp NULL DEFAULT NULL,
  `replaced_by` char(26) DEFAULT NULL,
  `created_at` timestamp NOT NULL DEFAULT current_timestamp()
) ENGINE=InnoDB DEFAULT CHARSET=utf8mb4 COLLATE=utf8mb4_general_ci;
/*!40101 SET character_set_client = @saved_cs_client */;

--
-- Dumping data for table `refresh_tokens`
--

SET @OLD_AUTOCOMMIT=@@AUTOCOMMIT, @@AUTOCOMMIT=0;
LOCK TABLES `refresh_tokens` WRITE;
/*!40000 ALTER TABLE `refresh_tokens` DISABLE KEYS */;
INSERT INTO `refresh_tokens` VALUES
('01KSD7HM22PWK4BVXW0458Q8HC','06F43H2S28KNWX71TSF7MWWTA4','18c2b132a639f9dd2fbe13b52d47b01eb7e2a6985568be9ebb4c84b0c1193f82','01KSD7HM21S7V7X3F38K3CAM8S','2026-06-23 22:52:07',NULL,0,'2026-05-24 17:10:57',NULL,'2026-05-24 22:52:07'),
('01KSDE1D0JM13113HFVYPVGKRY','06F43H2S28KNWX71TSF7MWWTA4','66190a68c6fb7b5424203613baeb0dc6e7d46b632f4e861c31877a76117d1a5c','01KSDE1D0H6R2R1A3RQEBTCKVN','2026-06-24 00:45:36',NULL,0,'2026-05-24 17:10:57',NULL,'2026-05-25 00:45:36'),
('01KSDGWWK8RXFBBV4BZ93QD9ET','06F43H2S28KNWX71TSF7MWWTA4','d6ee894c25e0be5ef69689d0d877a091171ad4d2614b4ee4b2ceb8ae4b8d177d','01KSDGWWK6PY0WNVMEPGQFJVNM','2026-06-24 01:35:33',NULL,0,'2026-05-24 17:35:37',NULL,'2026-05-25 01:35:33'),
('01KSDHDK3P32R19S8HE361QQS2','01KSDHAZHHKK02DG47168ZX7TV','d31c2e8ad13c806c8f40e2e464daf132f29122b98761b48787ea66a83f237385','01KSDHDK3P32R19S8HE361QQS1','2026-06-24 01:44:41',NULL,0,'2026-05-24 17:44:59',NULL,'2026-05-25 01:44:41'),
('01KSDHET7KF4WQ2HB7EBCFPHNM','01KSDHAZHHKK02DG47168ZX7TV','ed6fed31b1aeb283ffdfb48a0b94e0362268dbd77b6c3eb7487f305c0247b689','01KSDHET7KF4WQ2HB7EBCFPHNK','2026-06-24 01:45:21',NULL,0,NULL,NULL,'2026-05-25 01:45:21'),
('01KSDHF37415HF0PZM8D578HDS','01KSDHAZHHKK02DG47168ZX7TV','79ff3630ee09a929c40fb964d545097fb731d5fcc497654998a92ae1a461b97f','01KSDHF37415HF0PZM8D578HDR','2026-06-24 01:45:30',NULL,0,NULL,NULL,'2026-05-25 01:45:30'),
('01KSDHHKMXB53ES9HFCD30EQMP','01KSDHAZHHKK02DG47168ZX7TV','c25e2486553ad8d9db20b897936b8530e3d1c8fbe0f40934909651004a892e72','01KSDHHKMXB53ES9HFCD30EQMN','2026-06-24 01:46:52',NULL,0,NULL,NULL,'2026-05-25 01:46:52'),
('01KSDHK6BFHG4FZ6Q8K1MBTDNZ','01KSDHAZHHKK02DG47168ZX7TV','0d9b6ccf07805af8f60554199e3fee15d4d6ee8233e05204f50469e0775a0001','01KSDHK6BENZMEX9V23FQ5PQZR','2026-06-24 01:47:44',NULL,0,NULL,NULL,'2026-05-25 01:47:44'),
('01KSDHMNZS4KDXB46TWWD84SGT','06F43H2S28KNWX71TSF7MWWTA4','60fb74a42f584696907c708d74f2c704864083242d281a680273cedc36bcac1c','01KSDHMNZS4KDXB46TWWD84SGS','2026-06-24 01:48:33',NULL,0,'2026-05-24 17:49:14',NULL,'2026-05-25 01:48:33'),
('01KSDHP67GFZ9991WQ8M9P0JPA','06F43H2S28KNWX71TSF7MWWTA4','55441dbbdf2c2d6df3eb33123614b4bf7b6885fcb6f567e7325a2db628640a03','01KSDHP67GFZ9991WQ8M9P0JP9','2026-06-24 01:49:23',NULL,0,'2026-05-24 18:25:40',NULL,'2026-05-25 01:49:23'),
('01KSDHWPPKC3K3TP512XSNXF7G','06F43H2S28KNWX71TSF7MWWTA4','75d8b3be5827f2cbc12263f8500ea5f9798d21b63b05d0869e80f7cbbccbe830','01KSDHWPPH5W59288JJWCDAA14','2026-06-24 01:52:56',NULL,0,'2026-05-24 18:25:40',NULL,'2026-05-25 01:52:56'),
('01KSDKRVP6XXW5HXJ7QFFP8ZAC','06F43H2S28KNWX71TSF7MWWTA4','d16fbaca310b03a73cfb4aafaa27552efc91582203f29118f9c264d012a3f403','01KSDKRVP6XXW5HXJ7QFFP8ZAB','2026-06-24 02:25:47',NULL,0,'2026-06-09 20:56:45',NULL,'2026-05-25 02:25:47'),
('01KSDS4DW2RWFEVTFN0SNRB573','06F43H2S28KNWX71TSF7MWWTA4','3a89fe223cafd1dcb19273da4e99d892e9634e72bc5855c76e3f5ae306a83410','01KSDS4DW2RWFEVTFN0SNRB572','2026-06-24 03:59:29',NULL,0,'2026-06-09 20:56:45',NULL,'2026-05-25 03:59:29'),
('01KSFS731B80FNNRXPA762CF1X','06F43H2S28KNWX71TSF7MWWTA4','529c2298a54d20bef7a7213be62573dab8fcad2ebbbdc69f2fbcc015286bf846','01KSFS731939QVQ5SSZB7JBMPP','2026-06-24 22:39:25',NULL,0,'2026-06-09 20:56:45',NULL,'2026-05-25 22:39:25'),
('01KSFTN36VN8CV8XX9TSV965NJ','06F43H2S28KNWX71TSF7MWWTA4','2c23b959c3c3cc98d688d4de3cefb258e24a37ef00ebb3f609be0e44b671056b','01KSFTN36S0ZC9MKFE2Q7N8JN1','2026-06-24 23:04:33',NULL,0,'2026-06-09 20:56:45',NULL,'2026-05-25 23:04:33'),
('01KSG0ATHYPPYM56S892YMKGE7','06F43H2S28KNWX71TSF7MWWTA4','a3228a39ad20dee66582f68b3e9f83e7be78a83ad767049b63de81e95c2bd0a8','01KSG0ATHYPPYM56S892YMKGE6','2026-06-25 00:43:48',NULL,0,'2026-06-09 20:56:45',NULL,'2026-05-26 00:43:48'),
('01KSK5QGC89H1GK8TGTFDVQ7CT','06F43H2S28KNWX71TSF7MWWTA4','d4007f2d266cb45252186f261567635d88ac14900d51fc62d5bef3957586a604','01KSK5QGC89H1GK8TGTFDVQ7CS','2026-06-26 04:15:49',NULL,0,'2026-06-09 20:56:45',NULL,'2026-05-27 04:15:49'),
('01KTJPWKBSXQTYTGRG3EQETDBQ','06F43H2S28KNWX71TSF7MWWTA4','fc49a1654aed5391c7f9d9c315da324ac21d748549703078600b5a360a6831a0','01KTJPWKBSXQTYTGRG3EQETDBP','2026-07-08 10:12:09',NULL,0,'2026-06-09 20:56:45',NULL,'2026-06-08 10:12:09'),
('01KTJQDCA6HWNF67SCSZR9MDZF','06F43H2S28KNWX71TSF7MWWTA4','ffdbb4c04779f6593ff446ae5b33f8617ae03cc91efd7d39b116af68e52628b5','01KTJQDCA6HWNF67SCSZR9MDZE','2026-07-08 10:21:19',NULL,0,'2026-06-09 20:56:45',NULL,'2026-06-08 10:21:19'),
('01KTJQDFS1W9D0WX59YKAQ5XDG','06F43H2S28KNWX71TSF7MWWTA4','69375ef5fec937e938bbf6add6122cb0e179fe8694a798bde1f8140172c99340','01KTJQDFS1W9D0WX59YKAQ5XDF','2026-07-08 10:21:23',NULL,0,'2026-06-09 20:56:45',NULL,'2026-06-08 10:21:23'),
('01KTJQDYE80CK0ZCV7B2DSNNHK','06F43H2S28KNWX71TSF7MWWTA4','b9176e1c71fab7f84661b42fff583183d5b87c5f2bd7e9060b6f47e34f528e57','01KTJQDYE80CK0ZCV7B2DSNNHJ','2026-07-08 10:21:38',NULL,0,'2026-06-09 20:56:45',NULL,'2026-06-08 10:21:38'),
('01KTJQE2SBFGVQGZM2EBK9749F','06F43H2S28KNWX71TSF7MWWTA4','797d86db2c3a01cae47c8f6f40a973b92ce7e93c654bbf8ff4e535d2d68e8e79','01KTJQE2SBFGVQGZM2EBK9749E','2026-07-08 10:21:42',NULL,0,'2026-06-09 20:56:45',NULL,'2026-06-08 10:21:42'),
('01KTJQEE7GJG97WBW3KWE71NCB','06F43H2S28KNWX71TSF7MWWTA4','3e873065ee3b995ab84faa6bd2cdeaef85cbe0122aafbf665cfaea80fb5554e0','01KTJQEE7GJG97WBW3KWE71NCA','2026-07-08 10:21:54',NULL,0,'2026-06-09 20:56:45',NULL,'2026-06-08 10:21:54'),
('01KTJQG3NVMBRZTASZ0BKJJYKV','06F43H2S28KNWX71TSF7MWWTA4','b1be5333ed2e277df10ad0939cad0042a2f23a09771a113887b8566953c09f1d','01KTJQG3NVMBRZTASZ0BKJJYKT','2026-07-08 10:22:49',NULL,0,'2026-06-09 20:56:45',NULL,'2026-06-08 10:22:49'),
('01KTJQJKG9JJ859FR32DEZWYNJ','06F43H2S28KNWX71TSF7MWWTA4','9773b946941d2ef1d6f4c3fb69a2ecc1964cb687096865328e1304c6520a76ec','01KTJQJKG9JJ859FR32DEZWYNH','2026-07-08 10:24:11',NULL,0,'2026-06-09 20:56:45',NULL,'2026-06-08 10:24:11'),
('01KTJQK18FKQDFD9Y437Y28ZBA','06F43H2S28KNWX71TSF7MWWTA4','245705de160797c1b14c80a29499a199731384649624cad9c55f9565f6b3f1b9','01KTJQK18FKQDFD9Y437Y28ZB9','2026-07-08 10:24:25',NULL,0,'2026-06-09 20:56:45',NULL,'2026-06-08 10:24:25'),
('01KTJQKYTNJ3ZRDT0EKKF8KM5M','06F43H2S28KNWX71TSF7MWWTA4','fdf9062757b5d3d328a0a2296db0a1deeaf834287fc5de31b02a496566ca4071','01KTJQKYTNJ3ZRDT0EKKF8KM5K','2026-07-08 10:24:55',NULL,0,'2026-06-09 20:56:45',NULL,'2026-06-08 10:24:55'),
('01KTM20A9Z83X98V4N965685R5','06F43H2S28KNWX71TSF7MWWTA4','ace5eab44fa78ae79739c2e6289b2f9c259de9f463c83c90aa27899f1da2b6e1','01KTM20A9Z83X98V4N965685R4','2026-07-08 22:45:40',NULL,0,'2026-06-09 20:56:45',NULL,'2026-06-08 22:45:40'),
('01KTPY251WGEGBADP7RXV8HENB','06F43H2S28KNWX71TSF7MWWTA4','cfae2ed6a607ab6b3dc65f30c36b69d60c6901dbd2312cb21552473dd5fdc995','01KTPY251WGEGBADP7RXV8HENA','2026-07-10 01:34:29',NULL,0,'2026-06-09 20:56:45',NULL,'2026-06-10 01:34:29'),
('01KTPY38XFGRW23A15P9CMNSB4','06F43H2S28KNWX71TSF7MWWTA4','9e9c6866e011e0a1b92e81e0d3f389574f4846265796e8c00288a951c65154fa','01KTPY38XFGRW23A15P9CMNSB3','2026-07-10 01:35:06',NULL,0,'2026-06-09 20:56:45',NULL,'2026-06-10 01:35:06'),
('01KTPY3F91MKDK9P9E3VM4Y005','06F43H2S28KNWX71TSF7MWWTA4','27611d68936e10ce180b5ea74a47a51d8c710025f42ec19b882143b61ecac945','01KTPY3F91MKDK9P9E3VM4Y004','2026-07-10 01:35:12',NULL,0,'2026-06-09 20:56:45',NULL,'2026-06-10 01:35:12'),
('01KTPY5GY5FD97PHZS4H7TQRBE','06F43H2S28KNWX71TSF7MWWTA4','2ed6552b57284427b6422fe8413a92810b5a31e7632c885226a7761ef4fb658f','01KTPY5GY5FD97PHZS4H7TQRBD','2026-07-10 01:36:20',NULL,0,'2026-06-09 20:56:45',NULL,'2026-06-10 01:36:20'),
('01KTQ23S3A05QFSW6AFQCFXRCE','06F43H2S28KNWX71TSF7MWWTA4','6ecdf8b5018bed2effb3c4d5a74ada0bde6e3b9642adf595926bdae576269805','01KTQ23S3A05QFSW6AFQCFXRCD','2026-07-10 02:45:17',NULL,0,'2026-06-09 20:56:45',NULL,'2026-06-10 02:45:17'),
('01KTQ2YMYPN9PH9H4P3YGQZQ3S','06F43H2S28KNWX71TSF7MWWTA4','511394d4bdb7dcd86c4812113867b70888ded1cdabc73d7b3349d41d19e873b4','01KTQ2YMYPN9PH9H4P3YGQZQ3R','2026-07-10 02:59:57',NULL,0,'2026-06-09 21:49:28',NULL,'2026-06-10 02:59:57'),
('01KTQ5TE132J5SGTCGHCDBEA17','06F43H2S28KNWX71TSF7MWWTA4','862b75caf2d56f5b7e577246cae69b15fdf1bc8af8310d551c41c4a06eaa2b5e','01KTQ5TE132J5SGTCGHCDBEA16','2026-07-10 03:50:05',NULL,0,'2026-06-11 23:16:04',NULL,'2026-06-10 03:50:05'),
('01KTWFGEGQPWHY8EDGKBSTSVQ0','06F43H2S28KNWX71TSF7MWWTA4','46261ddd3a30ab05f6656a70f5f1e731affa1b443ce97a6d765ab2f15961cff0','01KTWFGEGQPWHY8EDGKBSTSVPZ','2026-07-12 05:15:36',NULL,0,'2026-06-11 23:16:04',NULL,'2026-06-12 05:15:36'),
('01KTWFJ7YEN9QRWP70T0C6413J','06F43H2S28KNWX71TSF7MWWTA4','c6378f100eeddb32d0c1b554010b7e1b15b0d6be9432bd5351ff1748215463a8','01KTWFJ7YEN9QRWP70T0C6413H','2026-07-12 05:16:34',NULL,0,'2026-06-11 23:16:53',NULL,'2026-06-12 05:16:34'),
('01KTWJFRBBACXGRXSBZCA7QW3F','06F43H2S28KNWX71TSF7MWWTA4','bf3a91a4f82a0314f2aea561403f2446dae4266514c9aa7c7d69acf36fcb46b7','01KTWJFRBBACXGRXSBZCA7QW3E','2026-07-12 06:07:39',NULL,0,'2026-06-12 00:10:31',NULL,'2026-06-12 06:07:39'),
('01KTWJFYXTYWP5GWA0C4KEA4XT','06F43H2S28KNWX71TSF7MWWTA4','9cd8e3bcd7835a8896d6d1265de5eb4aaff51ae5d3071740686991dad58dac00','01KTWJFYXTYWP5GWA0C4KEA4XS','2026-07-12 06:07:45',NULL,0,'2026-06-12 00:10:31',NULL,'2026-06-12 06:07:45'),
('01KTWJGC290TX2B67510620EXP','06F43H2S28KNWX71TSF7MWWTA4','79bbca3b19dda167e8307895b2a518ca1d3cc83b2bb217b0c35a9ef0aa9e2a61','01KTWJGC290TX2B67510620EXN','2026-07-12 06:07:59',NULL,0,'2026-06-12 00:10:31',NULL,'2026-06-12 06:07:59'),
('01KTWJJM1JZHGQ9TBC0HFEMCRM','06F43H2S28KNWX71TSF7MWWTA4','59c33e4684c6baef3bb38015270f2c8dcf9fffe7f6e82a6c71a85c9bb206311f','01KTWJJM1JZHGQ9TBC0HFEMCRK','2026-07-12 06:09:13',NULL,0,'2026-06-12 00:10:31',NULL,'2026-06-12 06:09:13'),
('01KTZQG6M2KB8G8AGQCVEXACYZ','06F43H2S28KNWX71TSF7MWWTA4','dae693caf6498e8cb4ff9144f4daad8f061cb3b71fc0eef60e69b50bc8bc2720','01KTZQG6M2KB8G8AGQCVEXACYY','2026-07-13 11:32:59',NULL,0,'2026-06-13 05:38:58',NULL,'2026-06-13 11:32:59'),
('01KTZQGCDG0FNAE6GYR2VBG8CE','06F43H2S28KNWX71TSF7MWWTA4','a83ee45db0e427937ba8e4c03e66155067324ff003372c5573e2361a2f1c0198','01KTZQGCDG0FNAE6GYR2VBG8CD','2026-07-13 11:33:05',NULL,0,'2026-06-13 05:38:58',NULL,'2026-06-13 11:33:05'),
('01KTZQHWWPGZ5JHQPM4JWAV3KN','06F43H2S28KNWX71TSF7MWWTA4','ab0491a49666248825dbbd566030a4a79e41291256428a1128e41c8d5c9e94dd','01KTZQHWWPGZ5JHQPM4JWAV3KM','2026-07-13 11:33:55',NULL,0,'2026-06-13 05:38:58',NULL,'2026-06-13 11:33:55'),
('01KTZQKMQFG40RY56YXTF5G8K7','06F43H2S28KNWX71TSF7MWWTA4','073fb15efc60e0caec5474cd8cf03c15da5ae6a2c355641973872f59e5baac14','01KTZQKMQFG40RY56YXTF5G8K6','2026-07-13 11:34:52',NULL,0,'2026-06-13 05:38:58',NULL,'2026-06-13 11:34:52'),
('01KTZQP3MAJNN92YJTR5TAH1XA','06F43H2S28KNWX71TSF7MWWTA4','2731a4527000cd38c069ef03cc8a57f7c09d0b5d573efb99db46f1227720e5d0','01KTZQP3MAJNN92YJTR5TAH1X9','2026-07-13 11:36:13',NULL,0,'2026-06-13 05:38:58',NULL,'2026-06-13 11:36:13'),
('01KTZQS5W8D2C6G5PXJGNYRBPA','06F43H2S28KNWX71TSF7MWWTA4','7e5c36f09c2c8df3e9e7ccdfcfa0887b4fe45d328e11107133baa82af1490a97','01KTZQS5W8D2C6G5PXJGNYRBP9','2026-07-13 11:37:54',NULL,0,'2026-06-13 05:38:58',NULL,'2026-06-13 11:37:54'),
('01KTZQT31M64GAPVK78H33BR1J','06F43H2S28KNWX71TSF7MWWTA4','a6cf0d4a2a043145568de753826caf3f9724a19992cdd37b0425cbf7726b6f49','01KTZQT31M64GAPVK78H33BR1H','2026-07-13 11:38:23',NULL,0,'2026-06-13 05:38:58',NULL,'2026-06-13 11:38:23'),
('01KTZQWWDDQS52QVEK9J0MWD4M','06F43H2S28KNWX71TSF7MWWTA4','6c471025e09a11fbcc4855c188e3deb233320d03399e2761dd804ecd523224fd','01KTZQWWDDQS52QVEK9J0MWD4K','2026-07-13 11:39:55',NULL,0,'2026-06-13 20:24:47',NULL,'2026-06-13 11:39:55'),
('01KTZQWX80SAATKX0DXAMTXTBP','06F43H2S28KNWX71TSF7MWWTA4','a4ef5f552b181dc56c0401b91b9fb1bd55d7dc65d548580e6a96f735d5eea694','01KTZQWX80SAATKX0DXAMTXTBN','2026-07-13 11:39:56',NULL,0,'2026-06-13 20:24:47',NULL,'2026-06-13 11:39:56'),
('01KTZR86T9FJ8R18FYYYHC3SWQ','06F43H2S28KNWX71TSF7MWWTA4','ac8f9a4bd5c5c7f6af733ac04df4a3d84576b544316f2e13177df3d217dc2495','01KTZR86T9FJ8R18FYYYHC3SWP','2026-07-13 11:46:06',NULL,0,'2026-06-13 20:24:47',NULL,'2026-06-13 11:46:06'),
('01KTZRDGAW39FQ8ERE760DJP9Z','06F43H2S28KNWX71TSF7MWWTA4','7127582f46cd3d94730cedc05578100a6cfd4116a623fa53523cd1d948b04f24','01KTZRDGAW39FQ8ERE760DJP9Y','2026-07-13 11:49:00',NULL,0,'2026-06-13 20:24:47',NULL,'2026-06-13 11:49:00'),
('01KTZRR6BK8Z3HSCFVBCFHSA1J','06F43H2S28KNWX71TSF7MWWTA4','a43a1334c3e694694ae635e28a2355c664459e100decfa554646e6a230e82b8c','01KTZRR6BK8Z3HSCFVBCFHSA1H','2026-07-13 11:54:50',NULL,0,'2026-06-13 20:24:47',NULL,'2026-06-13 11:54:50'),
('01KTZRSB1M2J6550DN7RSKAEN2','06F43H2S28KNWX71TSF7MWWTA4','a3a52ee866cb6c42493cee851ceb7640a3e59990d20485814289db2be9b0160f','01KTZRSB1M2J6550DN7RSKAEN1','2026-07-13 11:55:27',NULL,0,'2026-06-13 20:24:47',NULL,'2026-06-13 11:55:27'),
('01KTZRSE5VYXNYSZE415SYGJ6Q','06F43H2S28KNWX71TSF7MWWTA4','eedd9b27dcf2739cfb993b8e37a7ebfd448f7dfc7b2450172335b98f07cf16b1','01KTZRSE5VYXNYSZE415SYGJ6P','2026-07-13 11:55:31',NULL,0,'2026-06-13 20:24:47',NULL,'2026-06-13 11:55:31'),
('01KTZRT936A874WN274SWDFZX1','06F43H2S28KNWX71TSF7MWWTA4','d1cd24ffc00f236fa24ec5253e748b80e150297549539393b0487f2c42559bb4','01KTZRT936A874WN274SWDFZX0','2026-07-13 11:55:58',NULL,0,'2026-06-13 20:24:47',NULL,'2026-06-13 11:55:58'),
('01KTZS0Z48CH2QRQR4PA8AP3QX','06F43H2S28KNWX71TSF7MWWTA4','6d04655c56b228214c097e90d2d58bf6c6bddd5358eee1cf188e96465f322acf','01KTZS0Z48CH2QRQR4PA8AP3QW','2026-07-13 11:59:37',NULL,0,'2026-06-13 20:24:47',NULL,'2026-06-13 11:59:37'),
('01KTZS41Y2W7WVQKRAFF68JWJX','06F43H2S28KNWX71TSF7MWWTA4','7e51f0e78455c23e5172f3d8a050b3362c99db49b7b0576496a0a2ad29028293','01KTZS41Y1QHKED1EZ58QVN5V0','2026-07-13 14:01:19',NULL,0,'2026-06-13 20:24:47',NULL,'2026-06-13 14:01:19'),
('01KTZS5DKCKHEPS6RH0Q660X5J','06F43H2S28KNWX71TSF7MWWTA4','2a817c3050294a17d607345a3d1be6f6d977eec39f1647578fefd696db707a3a','01KTZS5DKCKHEPS6RH0Q660X5H','2026-07-13 14:02:03',NULL,0,'2026-06-13 20:24:47',NULL,'2026-06-13 14:02:03'),
('01KTZSEFQYRYDEB9SWHKQKHM4F','06F43H2S28KNWX71TSF7MWWTA4','23479e18a2fda1b4f1c8ac5b7c15ef252aaa397d227e970de3775ae82475c74b','01KTZSEFQYRYDEB9SWHKQKHM4E','2026-07-13 12:07:00',NULL,0,'2026-06-13 20:24:47',NULL,'2026-06-13 12:07:00'),
('01KTZSEP3AR5G0FM40R46PPG2S','06F43H2S28KNWX71TSF7MWWTA4','8e174a9d7805f17dcb9b71fbccaead7ef61d65c307660322e6cd0eea06d4640a','01KTZSEP3AR5G0FM40R46PPG2R','2026-07-13 12:07:07',NULL,0,'2026-06-13 20:24:47',NULL,'2026-06-13 12:07:07'),
('01KTZSJ071AK3NDRS6MQ8Y2F4B','06F43H2S28KNWX71TSF7MWWTA4','cd196e97f18687608558a3e39799d9f655e04a940c754359196a108799cc6b80','01KTZSJ071AK3NDRS6MQ8Y2F4A','2026-07-13 12:08:56',NULL,0,'2026-06-13 20:24:47',NULL,'2026-06-13 12:08:56'),
('01KTZSSBQCYBSAX265XN4JYNHH','06F43H2S28KNWX71TSF7MWWTA4','d1c53e9a4d0d6cbcee0f6023e2921259940b9f4fd51d9e78db01f17f10be9a2e','01KTZSSBQCYBSAX265XN4JYNHG','2026-07-13 12:12:57',NULL,0,'2026-06-13 20:24:47',NULL,'2026-06-13 12:12:57'),
('01KV1AA6P7PB2ZBT2S23TNZ8VF','06F43H2S28KNWX71TSF7MWWTA4','15eab36d5445b633a1f7c83b4aecb1ee8e365edecf8182a01d29f3dbe12aafcd','01KV1AA6P6GHCVR4849RF0DTP5','2026-07-14 02:21:00',NULL,0,'2026-06-13 20:24:47',NULL,'2026-06-14 02:21:00'),
('01KV1ACGYK5278RHT21MPW4AWA','06F43H2S28KNWX71TSF7MWWTA4','4ae876b0103a5d5f8ff4be03f0cbbae0fc38b53250727ef47bbfc957e0748385','01KV1ACGYK5278RHT21MPW4AW9','2026-07-14 02:22:16',NULL,0,'2026-06-13 20:24:47',NULL,'2026-06-14 02:22:16'),
('01KV1AFWV9MXM77NXMFQSSKDWJ','06F43H2S28KNWX71TSF7MWWTA4','b82926ccca887d6e00ec63009adf124b65dd82bc84f6e9ca0b0d8d812c94d90a','01KV1AFWV9MXM77NXMFQSSKDWH','2026-07-14 02:24:07',NULL,0,'2026-06-13 20:24:47',NULL,'2026-06-14 02:24:07'),
('01KV1AGNX858QK13AF9MB6NTG2','06F43H2S28KNWX71TSF7MWWTA4','34bc7c41d80d72e14fe2951c0fefed134267a508caab8e1f10f535dcc4484954','01KV1AGNX858QK13AF9MB6NTG1','2026-07-14 02:24:32',NULL,0,'2026-06-13 20:24:47',NULL,'2026-06-14 02:24:32'),
('01KV1AH9VPF187XZSWBV4D3D97','06F43H2S28KNWX71TSF7MWWTA4','b4f71cdd82099803b49d5a022fca939c729ccfafe3fdfd07ef89cb1c2023397f','01KV1AH9VPF187XZSWBV4D3D96','2026-07-14 02:24:53',NULL,0,'2026-06-13 22:52:25',NULL,'2026-06-14 02:24:53'),
('01KV1JYXMA645F42FBYTB4JEQF','06F43H2S28KNWX71TSF7MWWTA4','1812613e175e941375a0c855b306a530ae7af48e4c5515853b6f47ea6112a893','01KV1JYXMA645F42FBYTB4JEQE','2026-07-14 04:52:08',NULL,0,'2026-06-13 22:52:25',NULL,'2026-06-14 04:52:08'),
('01KV1KV8TFTGKJSD8KM5BEGSBJ','06F43H2S28KNWX71TSF7MWWTA4','0219dd5b2aa804fcfcc66845dcdf1503e0a0ea863697854b6a2702953e72aa1f','01KV1KV8TFTGKJSD8KM5BEGSBH','2026-07-14 05:07:37',NULL,0,'2026-06-14 05:45:14',NULL,'2026-06-14 05:07:37'),
('01KV1M1PNKQ8F97DR4JTYK4WFK','06F43H2S28KNWX71TSF7MWWTA4','ed5ce75373886bd59c59189150b7fe6d8f1d1372045096728229c4da956605cb','01KV1M1PNKQ8F97DR4JTYK4WFJ','2026-07-14 05:11:07',NULL,0,'2026-06-14 05:45:14',NULL,'2026-06-14 05:11:07'),
('01KV1M29PW7RX0NNF6BN4FDGQA','06F43H2S28KNWX71TSF7MWWTA4','09731fa146a2a6a95f441b8de04d40d9c33c3f1436efeb0bfb94828c33e11e74','01KV1M29PW7RX0NNF6BN4FDGQ9','2026-07-14 05:11:27',NULL,0,'2026-06-14 05:45:14',NULL,'2026-06-14 05:11:27'),
('01KV1MVB9S2KG9SSPAQ5H6CN2A','06F43H2S28KNWX71TSF7MWWTA4','fb12ed6078f57f0b5094989aa7896a6c9986218639cd0fc5dbaf7df2d81e3e1d','01KV1MVB9S2KG9SSPAQ5H6CN29','2026-07-14 05:25:08',NULL,0,'2026-06-14 05:45:14',NULL,'2026-06-14 05:25:08'),
('01KV1MVQQPNF894T5CC4P6G832','06F43H2S28KNWX71TSF7MWWTA4','12775fa732cf41b341bfe149f1422f751f9ef31862f5dd96fa28f99b166f0832','01KV1MVQQPNF894T5CC4P6G831','2026-07-14 05:25:21',NULL,0,'2026-06-14 05:45:14',NULL,'2026-06-14 05:25:21'),
('01KV1N3THRYVQKVCZR5GJS0303','06F43H2S28KNWX71TSF7MWWTA4','ad59d6a8f310eaad4e50eff9317e46ce983552cf882ff46f665c041b8f1e49e5','01KV1N3THRYVQKVCZR5GJS0302','2026-07-14 05:29:46',NULL,0,'2026-06-14 05:45:14',NULL,'2026-06-14 05:29:46'),
('01KV1NB0MF6HYRRF1AT360VN5H','06F43H2S28KNWX71TSF7MWWTA4','3f3a9c38ec48b7bfd09b871b4aca6f7fe3171e2923d89570ddbbe1f59fe5dc40','01KV1NB0MF6HYRRF1AT360VN5G','2026-07-14 05:33:41',NULL,0,'2026-06-14 05:45:14',NULL,'2026-06-14 05:33:41'),
('01KV1NNEZHXMD0V3ZC84JV59XZ','06F43H2S28KNWX71TSF7MWWTA4','c9e5c60f7541e5afbfdf6ed4315fc389b2c7d9c62c28e6dcafad3d2b6db8267b','01KV1NNEZHXMD0V3ZC84JV59XY','2026-07-14 05:39:24',NULL,0,'2026-06-14 05:45:14',NULL,'2026-06-14 05:39:24'),
('01KV1NXRB219ZZ4PGGMG24RA3B','06F43H2S28KNWX71TSF7MWWTA4','fad69de9a44cba92c457d836662c3181ebfe406e0250d40f00fa3a44496faa33','01KV1NXRB219ZZ4PGGMG24RA3A','2026-07-14 05:43:55',NULL,0,'2026-06-14 05:45:14',NULL,'2026-06-14 05:43:55'),
('01KV1NXZFG2K5NQQK8P9ZEPM9V','06F43H2S28KNWX71TSF7MWWTA4','8573022dd42b862813c44fc3d65b6b86e5540f59670cf34ce141df9a3dd1d3b6','01KV1NXZFG2K5NQQK8P9ZEPM9T','2026-07-14 05:44:03',NULL,0,'2026-06-14 05:45:14',NULL,'2026-06-14 05:44:03'),
('01KV1NYATQ4MTVA2E576TXRKER','06F43H2S28KNWX71TSF7MWWTA4','3c8b5c67a9d439b682f20e24083df42d4b94d76f4c376107c1cd514e5d0b85af','01KV1NYATQ4MTVA2E576TXRKEQ','2026-07-14 05:44:14',NULL,0,'2026-06-14 05:45:14',NULL,'2026-06-14 05:44:14'),
('01KV1NYYHAYEEJKB8X377RGPPF','06F43H2S28KNWX71TSF7MWWTA4','e137fa800b455081a5ac3883abb29047bba1f9b59b3b7d89093ad24f25a10b68','01KV1NYYH9TCG80W0EE957A62F','2026-07-14 05:44:34',NULL,0,'2026-06-14 05:45:14',NULL,'2026-06-14 05:44:34'),
('01KV1P0BSA7EG5PSVDS0670MKG','06F43H2S28KNWX71TSF7MWWTA4','299d88a03ebf56e29c39f64733d7ee8538b1a22898788af7500354f3fc65b70c','01KV1P0BSA7EG5PSVDS0670MKF','2026-07-14 05:45:21',NULL,0,'2026-06-14 05:56:35',NULL,'2026-06-14 05:45:21'),
('01KV1P1W7Y3KDC2NNWK3REM7RZ','06F43H2S28KNWX71TSF7MWWTA4','657fabdad95cbbb38b27fd43e464f0a4eccd5a43d18f1811c5bcdbf4671ae288','01KV1P1W7Y3KDC2NNWK3REM7RY','2026-07-14 05:46:10',NULL,0,'2026-06-14 05:56:35',NULL,'2026-06-14 05:46:10'),
('01KV1P2RS3E1V15HKVXJZ07F0X','06F43H2S28KNWX71TSF7MWWTA4','6090610638962fd6c5971a4723c820862186b075effa6fd3676729b834cf623d','01KV1P2RS3E1V15HKVXJZ07F0W','2026-07-14 05:46:40',NULL,0,'2026-06-14 05:56:35',NULL,'2026-06-14 05:46:40'),
('01KV1PB0W7VWVMKK92EEB4P3BB','06F43H2S28KNWX71TSF7MWWTA4','df4b6544aab25e30071dbeb784381c0acb0386802e6c6e51e9e9155d486ecfb4','01KV1PB0W7VWVMKK92EEB4P3BA','2026-07-14 05:51:10',NULL,0,'2026-06-14 05:56:35',NULL,'2026-06-14 05:51:10'),
('01KV1PBQJYHG4B2CA250KJS81T','06F43H2S28KNWX71TSF7MWWTA4','05903033b09b6eb0c6c822da2822604fb836dafa3f9da046a27d64b12e1156d2','01KV1PBQJYHG4B2CA250KJS81S','2026-07-14 05:51:33',NULL,0,'2026-06-14 05:56:35',NULL,'2026-06-14 05:51:33'),
('01KV1PBZMPHMVQHFXGM1RJ4PTJ','06F43H2S28KNWX71TSF7MWWTA4','a4e8954134523bf5fffc0e0918c14bec46a427f966b57285203c4233f306fb48','01KV1PBZMPHMVQHFXGM1RJ4PTH','2026-07-14 05:51:41',NULL,0,'2026-06-14 05:56:35',NULL,'2026-06-14 05:51:41'),
('01KV1PD9BNQQ3H2GCN5P7VD27V','06F43H2S28KNWX71TSF7MWWTA4','edc9e9896c87f9db789051ba9eb96c9332e8d4cde8f6c4b3a01a9935f84c3967','01KV1PD9BNQQ3H2GCN5P7VD27T','2026-07-14 05:52:24',NULL,0,'2026-06-14 05:56:35',NULL,'2026-06-14 05:52:24'),
('01KV1PHMDQ64DRQAVXTJR7GS0P','06F43H2S28KNWX71TSF7MWWTA4','54ed55ad7fe96796556d80b263f9ac23eda07aaea0c121edc2ae630649033a31','01KV1PHMDQ64DRQAVXTJR7GS0N','2026-07-14 05:54:47',NULL,0,'2026-06-14 05:56:35',NULL,'2026-06-14 05:54:47'),
('01KV1PM4T3PC3MRWT6WGJT17W2','06F43H2S28KNWX71TSF7MWWTA4','600727d667546799c2b1157bc0c946c8de52cf5e1c9856d01b82e1d837a46e62','01KV1PM4T3PC3MRWT6WGJT17W1','2026-07-14 05:56:09',NULL,0,'2026-06-14 05:56:35',NULL,'2026-06-14 05:56:09'),
('01KV1PMC598EW1ZGYFA8HVWEAB','06F43H2S28KNWX71TSF7MWWTA4','633eb1096b678ca2e31ef72a61f477fcfaf8a1d70260f6ed76bd0c486c81ffc3','01KV1PMC598EW1ZGYFA8HVWEAA','2026-07-14 05:56:16',NULL,0,'2026-06-14 05:56:35',NULL,'2026-06-14 05:56:16'),
('01KV1PN1R16249E8JCZMSG0E7J','06F43H2S28KNWX71TSF7MWWTA4','918527b1577f2112238d85ffe82cc8db4acbbdef1adb3dfe771371f779a30443','01KV1PN1R16249E8JCZMSG0E7H','2026-07-14 05:56:39',NULL,0,'2026-06-14 05:59:47',NULL,'2026-06-14 05:56:39'),
('01KV1PQQD76RQY69CQFFDMK65H','06F43H2S28KNWX71TSF7MWWTA4','4209df57e179776adadf6350c1df1b601d2be2ac9c1f7643c8b5077b76a09762','01KV1PQQD76RQY69CQFFDMK65G','2026-07-14 05:58:06',NULL,0,'2026-06-14 05:59:47',NULL,'2026-06-14 05:58:06'),
('01KV1PRYS220T3ZGD7PKWST15A','06F43H2S28KNWX71TSF7MWWTA4','0a932ed592b6a928a20e8b8c4cbe55904ab20775768876dc5e088032a38e317e','01KV1PRYS220T3ZGD7PKWST159','2026-07-14 05:58:47',NULL,0,'2026-06-14 05:59:47',NULL,'2026-06-14 05:58:47'),
('01KV1PT5X8N0S9BYMQW2BKJTT9','06F43H2S28KNWX71TSF7MWWTA4','8ede229767cc5b1fff7c67a70c59e7a6f975f0050f3c0525b4dd6a943b57c669','01KV1PT5X8N0S9BYMQW2BKJTT8','2026-07-14 05:59:27',NULL,0,'2026-06-14 05:59:47',NULL,'2026-06-14 05:59:27'),
('01KV1PTXA2NKTX6BD00VJKM3EK','06F43H2S28KNWX71TSF7MWWTA4','123f5f4d9258ce18c8a7dce8dade9510d479022609db7065fa8955a5c2bd7540','01KV1PTXA2NKTX6BD00VJKM3EJ','2026-07-14 05:59:51',NULL,0,'2026-06-14 00:53:15',NULL,'2026-06-14 05:59:51'),
('01KV1R655HDDRYT9J58KY4768J','06F43H2S28KNWX71TSF7MWWTA4','9b0ac7f7898532bc52983e35357c90b620f1fe6dc24315ce6746159f00f9cd47','01KV1R655HDDRYT9J58KY4768H','2026-07-14 06:23:28',NULL,0,'2026-06-14 00:53:15',NULL,'2026-06-14 06:23:28'),
('01KV1S4ZVJ6ZM9AV0E5JR1VE1T','06F43H2S28KNWX71TSF7MWWTA4','b916b21ee90cc2be46c053b808cf98a742ecb3de3c0e038d7989d58b3300167c','01KV1S4ZVJ6ZM9AV0E5JR1VE1S','2026-07-14 06:40:18',NULL,0,'2026-06-14 00:53:15',NULL,'2026-06-14 06:40:18'),
('01KV1SHJRZGG15RQ521TD198GS','06F43H2S28KNWX71TSF7MWWTA4','9a469536ccc2f2a2e9dddd8a19ee15bfe7eb50a626cbac4f8e98b22e436bae81','01KV1SHJRZGG15RQ521TD198GR','2026-07-14 06:47:11',NULL,0,'2026-06-14 00:53:15',NULL,'2026-06-14 06:47:11'),
('01KV1SM61T71Z5XDHY2ZQBP7BE','06F43H2S28KNWX71TSF7MWWTA4','6cf6b8f1abd50ea75105b8f0e9c9a1f25ac7baee99043d3cb5c5f0b3ea504d00','01KV1SM61T71Z5XDHY2ZQBP7BD','2026-07-14 06:48:36',NULL,0,'2026-06-14 00:53:15',NULL,'2026-06-14 06:48:36'),
('01KV1XWEY9XJ5XYEQ6DPK00H8N','06F43H2S28KNWX71TSF7MWWTA4','e970440e0c712abf6d0a3a6da98e77e83c3b957a468ada58f29a63a08fd30c1c','01KV1XWEY9XJ5XYEQ6DPK00H8M','2026-07-14 08:03:01',NULL,0,'2026-06-18 23:44:41',NULL,'2026-06-14 08:03:01'),
('01KV1Y3A0HYTQ6H3EQMKNT6AKS','01KV1Y23C22RQFF7TVRQ0BYEE7','306a1bdba2b7a1690f9bac1e59875d2b148a572738037fc476b70a160cb6d234','01KV1Y3A0HYTQ6H3EQMKNT6AKR','2026-07-14 08:06:46',NULL,0,'2026-06-14 23:14:11',NULL,'2026-06-14 08:06:46'),
('01KV44XQ4VV9VDC27VNJV2AGGH','01KV1Y23C22RQFF7TVRQ0BYEE7','6d92415387cba1212080e901c3caf00f361874bcc4bf28dd9c20ab6976a1e33a','01KV44XQ4VV9VDC27VNJV2AGGG','2026-07-15 04:44:32',NULL,0,'2026-06-14 23:14:11',NULL,'2026-06-15 04:44:32'),
('01KV44Z1070M68YV9XJ81Y5TS2','01KV1Y23C22RQFF7TVRQ0BYEE7','7f781b0fd0d57d3b9b6a0f1c53ffece5b6da9eb261f5fad8786a6d206c9b981c','01KV44Z1070M68YV9XJ81Y5TS1','2026-07-15 04:45:14',NULL,0,'2026-06-14 23:14:11',NULL,'2026-06-15 04:45:14'),
('01KV46KFW9D4SRV40BJH82Q32T','01KV1Y23C22RQFF7TVRQ0BYEE7','18d14946870c499affd27bb8889a134231c23186f1f8cebb7ea8165835e7a927','01KV46KFW9D4SRV40BJH82Q32S','2026-07-15 05:13:54',NULL,0,'2026-06-14 23:14:11',NULL,'2026-06-15 05:13:54'),
('01KV46KV84WEPJQMSNDXC27E1Z','01KV1Y23C22RQFF7TVRQ0BYEE7','d96cbb6cf7383a9b5c8260ec0ad5415b6065a899aeeeb21099a857e45e81fbbb','01KV46KV84WEPJQMSNDXC27E1Y','2026-07-15 05:14:05',NULL,0,'2026-06-14 23:14:11',NULL,'2026-06-15 05:14:05'),
('01KV46NMF9KSXWTTHD0MZMYHR2','01KV1Y23C22RQFF7TVRQ0BYEE7','85958a34f4876f3df763d3154eaa492731566973cf17ff46a1bfef5d00f3ca35','01KV46NMF9KSXWTTHD0MZMYHR1','2026-07-15 05:15:04',NULL,0,NULL,NULL,'2026-06-15 05:15:04'),
('01KV46P26CV72AK9W95DMMW8ZW','01KV1Y23C22RQFF7TVRQ0BYEE7','0a3a1f94cc8d3bfb9bbebe90761900003c01e92b7c20b190a8674be1f2c99fc2','01KV46P26CV72AK9W95DMMW8ZV','2026-07-15 05:15:18',NULL,0,NULL,NULL,'2026-06-15 05:15:18'),
('01KV46PF9NWYSEF2A4YKWF7H8T','06F43H2S28KNWX71TSF7MWWTA4','7dbbb4ece8c3dbb03c372129d72c224092a5f27471c054e019c2b4dbee5dd4fb','01KV46PF9NWYSEF2A4YKWF7H8S','2026-07-15 05:15:31',NULL,0,'2026-06-18 23:44:41',NULL,'2026-06-15 05:15:31'),
('01KVDPG3VX5XHWT181B2K94DM0','06F43H2S28KNWX71TSF7MWWTA4','e160b6c1849e2ef02fb4e516c92e4a6fb9e31f8353cde6e0f956a4f6c4d2321f','01KVDPG3VX5XHWT181B2K94DKZ','2026-07-18 21:44:50',NULL,0,'2026-06-18 23:44:41',NULL,'2026-06-18 21:44:50'),
('01KVDQ0T8HGPZ6QP63NZZ3JZ8A','06F43H2S28KNWX71TSF7MWWTA4','96c8555513b68098f6e9692783e7e0bccc7b35dac0a33379e49b667c1a32b5c1','01KVDQ0T8HGPZ6QP63NZZ3JZ89','2026-07-18 21:53:57',NULL,0,'2026-06-18 23:44:41',NULL,'2026-06-18 21:53:57'),
('01KVDQ1HZB75C6MGBQ6W2ARTPY','06F43H2S28KNWX71TSF7MWWTA4','b82accc9efc489252ea69ea3dbb3023f62de1c6790af79fe2b87f0a66b6c5831','01KVDQ1HZB75C6MGBQ6W2ARTPX','2026-07-18 21:54:22',NULL,0,'2026-06-18 23:44:41',NULL,'2026-06-18 21:54:22'),
('01KVE6EEPKTR8W9N443Q5PY4MY','06F43H2S28KNWX71TSF7MWWTA4','eb84a50e6e25e1af5e156e56bd182f0a9f7d63c4fe7dc588541696c5b9edc0c2','01KVE6EEPKTR8W9N443Q5PY4MX','2026-07-19 02:23:33',NULL,0,'2026-06-18 23:44:41',NULL,'2026-06-19 02:23:33'),
('01KVE7BWFPNJYYKCPQ4CV164GS','06F43H2S28KNWX71TSF7MWWTA4','bb4c3b299b5fc3163ff6d969dcaabedde5614cc8ceb80fc12840ccc504c3b1ef','01KVE7BWFPNJYYKCPQ4CV164GR','2026-07-19 02:39:37',NULL,0,'2026-06-18 23:44:41',NULL,'2026-06-19 02:39:37'),
('01KVE7W6D0HYH4DDCZNT1XEPPK','06F43H2S28KNWX71TSF7MWWTA4','a926d61f0fde387fb62fa7d7fd95df2f8e313609d48d0cbb248db344d3046125','01KVE7W6D0HYH4DDCZNT1XEPPJ','2026-07-19 02:48:32',NULL,0,'2026-06-18 23:44:41',NULL,'2026-06-19 02:48:32'),
('01KVED16XD2KJN8DCKNXKYHT76','06F43H2S28KNWX71TSF7MWWTA4','39192f53ea4c09b4e1b2891ee18446efc9b0c027ea85d8d4de0e187cd2593bdd','01KVED16XD2KJN8DCKNXKYHT75','2026-07-19 04:18:39',NULL,0,'2026-06-18 23:44:41',NULL,'2026-06-19 04:18:39'),
('01KVEFA9W6W5RFJZQ2RVNW2DE2','06F43H2S28KNWX71TSF7MWWTA4','9a27db10bce07e85b892a0ce5c693b1de0e53078ab5762a05e51198429d72349','01KVEFA9W6W5RFJZQ2RVNW2DE1','2026-07-19 04:58:34',NULL,0,'2026-06-18 23:44:41',NULL,'2026-06-19 04:58:34'),
('01KVEHT7FJAE8YP44D1YVHP0ZG','06F43H2S28KNWX71TSF7MWWTA4','05d5265cd3b9444060e17055e7f83cde8050241f32588c19072637f3718f35a8','01KVEHT7FJAE8YP44D1YVHP0ZF','2026-07-19 05:42:13',NULL,0,'2026-06-18 23:44:41',NULL,'2026-06-19 05:42:13'),
('01KVEHX9TGDRCHBW6D095BFSB0','06F43H2S28KNWX71TSF7MWWTA4','9653e60361b632deef22e492504271e0b834b9a7df2406ccc6427d77276bd1b7','01KVEHX9TGDRCHBW6D095BFSAZ','2026-07-19 05:43:54',NULL,0,'2026-06-18 23:44:41',NULL,'2026-06-19 05:43:54'),
('01KVEHXQMSNB3J30G7X91E5N4T','06F43H2S28KNWX71TSF7MWWTA4','901798301ae10c2305d3a587511db2c0010c12936dafcfc50586d58fabb90f74','01KVEHXQMRBW623VWQNEF7MH5G','2026-07-19 05:44:08',NULL,0,'2026-06-18 23:44:41',NULL,'2026-06-19 05:44:08'),
('01KVEHYMMEWBRYX5M6KFYMJAD6','06F43H2S28KNWX71TSF7MWWTA4','493280ac2be486178c70a2c80e66e8d515c8097fddcc1974ef3f974527a47447','01KVEHYMMEWBRYX5M6KFYMJAD5','2026-07-19 05:44:38',NULL,0,'2026-06-18 23:44:41',NULL,'2026-06-19 05:44:38'),
('01KVEJ66JZ5BFYP8Q1DS944YSK','06F43H2S28KNWX71TSF7MWWTA4','b1844c5551442ebfc61212967e7c38716c295d7a0288035404f343ba630af2d3','01KVEJ66JZ5BFYP8Q1DS944YSJ','2026-07-19 05:48:45',NULL,0,'2026-06-21 06:26:19',NULL,'2026-06-19 05:48:45'),
('01KVKPV0RPFD5Q68NBCVJBQ9KZ','06F43H2S28KNWX71TSF7MWWTA4','3e6ade203aeaf4ab353451bc9340331f15ebb2765fa909d8d6557d8684cdd9ee','01KVKPV0RPFD5Q68NBCVJBQ9KY','2026-07-21 05:46:14',NULL,0,'2026-06-21 06:26:19',NULL,'2026-06-21 05:46:14'),
('01KVKQ5DDBX7WDA1EHW19969K8','06F43H2S28KNWX71TSF7MWWTA4','bd216c4f9d91b467c225d420f94ed2dcbc3031c10eb1e0fc7c87f64b4a631dfb','01KVKQ5DDBX7WDA1EHW19969K7','2026-07-21 05:51:55',NULL,0,'2026-06-21 06:26:19',NULL,'2026-06-21 05:51:55'),
('01KVM6NXRMH4P4C91RN364B5W8','06F43H2S28KNWX71TSF7MWWTA4','66a16851ebd37dd8d2b1b30f3af6123da9ffee27aa1c92e1b927906bea967b13','01KVM6NXRMH4P4C91RN364B5W7','2026-07-21 10:23:04',NULL,0,'2026-06-21 06:26:19',NULL,'2026-06-21 10:23:04'),
('01KVMC2NEY0QBKV8M66SFP8Q5A','06F43H2S28KNWX71TSF7MWWTA4','7719e5c930a25df0338bf4507c6f789ee3f16c4142cfe46840ea5a91dbd04759','01KVMC2NEY0QBKV8M66SFP8Q59','2026-07-21 11:57:25',NULL,0,'2026-06-21 06:26:19',NULL,'2026-06-21 11:57:25'),
('01KVMDQJNF1EC037032ADVB7SB','06F43H2S28KNWX71TSF7MWWTA4','e3e895f858d08eccda1683fe5a59e0c454da14d93b510d9e27bb72b7cd8961c9','01KVMDQJNEF4P9XQCMWGN2WC3B','2026-07-21 12:26:18',NULL,0,'2026-06-21 06:26:19',NULL,'2026-06-21 12:26:18'),
('01KVMDQJVTJ1DX2AZW0V1DSEYH','06F43H2S28KNWX71TSF7MWWTA4','7bdc618970fc4eb47452aad0735540b56cfa4a07c4a47d0968d302751350b53e','01KVMDQJVTJ1DX2AZW0V1DSEYG','2026-07-21 12:26:19',NULL,0,'2026-06-21 06:26:19',NULL,'2026-06-21 12:26:19'),
('01KVMDQK1ZPZCK8ZXZ7XEXHBS9','06F43H2S28KNWX71TSF7MWWTA4','22699d470a2ce1d0a6ef2fb403febb319079b983fa0db5489248e3c6687d5430','01KVMDQK1ZPZCK8ZXZ7XEXHBS8','2026-07-21 12:26:19',NULL,0,'2026-06-21 06:26:19',NULL,'2026-06-21 12:26:19'),
('01KVME742KDG2GC8071PS29YXQ','06F43H2S28KNWX71TSF7MWWTA4','3683ff93b3876c1a8ca11cd351f452fea85460313db263e7bdcfa6964b3698c6','01KVME742KDG2GC8071PS29YXP','2026-07-21 12:34:48',NULL,0,'2026-06-21 06:34:48',NULL,'2026-06-21 12:34:48'),
('01KVME74AHTWKBKSBW8V5AEQ7S','06F43H2S28KNWX71TSF7MWWTA4','a520c68a9542ec063e8b7c74c5e7a928adb703ca97069950853eb7605ea06b18','01KVME74AHTWKBKSBW8V5AEQ7R','2026-07-21 12:34:48',NULL,0,'2026-06-21 06:34:48',NULL,'2026-06-21 12:34:48'),
('01KVME74GD3RFQ6J74ZREPV1DS','06F43H2S28KNWX71TSF7MWWTA4','f56db502071a206fa7325433d7a0edc44f94f02b4d14dd0fc275add7e87f65dc','01KVME74GD3RFQ6J74ZREPV1DR','2026-07-21 12:34:48',NULL,0,'2026-06-21 06:34:48',NULL,'2026-06-21 12:34:48'),
('01KVMEE0A5R8KN605WAJJRXKG4','06F43H2S28KNWX71TSF7MWWTA4','0edb79aa84081e19dd53aa2e843e6109a256205b5ad2f03fc6b4a5fada0b7285','01KVMEE0A5R8KN605WAJJRXKG3','2026-07-21 12:38:33',NULL,0,'2026-06-21 06:38:34',NULL,'2026-06-21 12:38:33'),
('01KVMEE0KRGREH5VGN0A59JEH5','06F43H2S28KNWX71TSF7MWWTA4','1174074aebdb783adc7a8eb8978bcde9faadcb3420745dad395892fa188fffa2','01KVMEE0KRGREH5VGN0A59JEH4','2026-07-21 12:38:34',NULL,0,'2026-06-21 06:38:34',NULL,'2026-06-21 12:38:34'),
('01KVMEE0TEQZGWKJ5XJPHPGBM5','06F43H2S28KNWX71TSF7MWWTA4','554abef07dfdc217450c77c7a691c717107185e0f21fb7861391528be69f2a45','01KVMEE0TEQZGWKJ5XJPHPGBM4','2026-07-21 12:38:34',NULL,0,'2026-06-21 06:38:34',NULL,'2026-06-21 12:38:34'),
('01KVMEGEVA9229941XFZ5WR2Y9','06F43H2S28KNWX71TSF7MWWTA4','704a4e4485e61e2619d8ec6306e6b71267b03fa0f55c59170b01745b974f217b','01KVMEGEVA9229941XFZ5WR2Y8','2026-07-21 12:39:54',NULL,0,'2026-06-21 06:39:54',NULL,'2026-06-21 12:39:54'),
('01KVMEGF1QVTEDTVP1CWVH2H78','06F43H2S28KNWX71TSF7MWWTA4','b4488b8f91de5ec0558aeb367980fa3337775b2afc905b42c440b76eb633660a','01KVMEGF1QVTEDTVP1CWVH2H77','2026-07-21 12:39:54',NULL,0,'2026-06-21 06:39:54',NULL,'2026-06-21 12:39:54'),
('01KVMEGF7TJSM61N156KD02WPA','06F43H2S28KNWX71TSF7MWWTA4','801f01314ac641be846d0e4a8c24f34fa48d8efb3a290c82b7dc4ddd93146bae','01KVMEGF7TJSM61N156KD02WP9','2026-07-21 12:39:54',NULL,0,'2026-06-21 06:39:54',NULL,'2026-06-21 12:39:54'),
('01KVMEHNT99BGMFDHXSQPF0GJ8','06F43H2S28KNWX71TSF7MWWTA4','a8dd3ff1ab2b040b8a49986bda90a194e8c13686a899a85abc73347d8d8a0cab','01KVMEHNT99BGMFDHXSQPF0GJ7','2026-07-21 12:40:34',NULL,0,'2026-06-21 06:40:34',NULL,'2026-06-21 12:40:34'),
('01KVMEHP2E44M7GJARP5KM2VXE','06F43H2S28KNWX71TSF7MWWTA4','6704ffc5db4a4ffb33445da99d8de80bb0064b235db1b4cc415fbeea5d626c16','01KVMEHP2E44M7GJARP5KM2VXD','2026-07-21 12:40:34',NULL,0,'2026-06-21 06:40:34',NULL,'2026-06-21 12:40:34'),
('01KVMEHP9WBA7ZAYTHWZN3JCM2','06F43H2S28KNWX71TSF7MWWTA4','97db9b80c1770e70a3864fd207877606e14b5cb795eee4aa01f58b1937195cfc','01KVMEHP9WBA7ZAYTHWZN3JCM1','2026-07-21 12:40:34',NULL,0,'2026-06-21 06:40:34',NULL,'2026-06-21 12:40:34'),
('01KVMEJ3F73D2ZJY4M2MXA34HS','06F43H2S28KNWX71TSF7MWWTA4','ae82675e0ecec3a069342fe27e31367fd993d1cb5903721286858a4941ce5141','01KVMEJ3F73D2ZJY4M2MXA34HR','2026-07-21 12:40:48',NULL,0,'2026-06-21 06:40:48',NULL,'2026-06-21 12:40:48'),
('01KVMEJ3NPBT13YXT2R3ZT5CBZ','06F43H2S28KNWX71TSF7MWWTA4','2049760783227f2e0f02a95514df5ba57b77c5cdbc316c95cf4e632fb346719f','01KVMEJ3NPBT13YXT2R3ZT5CBY','2026-07-21 12:40:48',NULL,0,'2026-06-21 06:40:48',NULL,'2026-06-21 12:40:48'),
('01KVMEJ3W3N1XR21KPE4WRTMZ3','06F43H2S28KNWX71TSF7MWWTA4','d80302909b900710dbb94f4bab7d3c02e2690f03b19491ddca96d2edf4364b64','01KVMEJ3W3N1XR21KPE4WRTMZ2','2026-07-21 12:40:48',NULL,0,'2026-06-21 06:42:47',NULL,'2026-06-21 12:40:48'),
('01KVMENQR89QC9J88HTRJPP7EY','06F43H2S28KNWX71TSF7MWWTA4','3f85491c6275f96625d91b175a983c5dbab7c58dec5586483786a81bae018b67','01KVMENQR89QC9J88HTRJPP7EX','2026-07-21 12:42:47',NULL,0,'2026-06-21 06:42:47',NULL,'2026-06-21 12:42:47'),
('01KVMENQYBK8QT79D220TBRR59','06F43H2S28KNWX71TSF7MWWTA4','ac0206c3f0ecdfea63a66d55d19cead545860aa7be81c0f75a007929217c3457','01KVMENQYBK8QT79D220TBRR58','2026-07-21 12:42:47',NULL,0,'2026-06-21 06:42:47',NULL,'2026-06-21 12:42:47'),
('01KVMENR4P0X92HW90TK0HWST7','06F43H2S28KNWX71TSF7MWWTA4','3f82069ec0c1f5cb1af2f0d2f15402260b6cfa9cf08e8a8f233833b417f8f289','01KVMENR4P0X92HW90TK0HWST6','2026-07-21 12:42:47',NULL,0,'2026-06-21 16:28:53',NULL,'2026-06-21 12:42:47'),
('01KVNFKYF3A6RQ52G9RJHS2DWK','06F43H2S28KNWX71TSF7MWWTA4','0597c3f552315937155941c7b814011ac095c7990cf741dc4618e0a77b6d8716','01KVNFKYF3A6RQ52G9RJHS2DWJ','2026-07-21 22:18:31',NULL,0,'2026-06-21 16:28:53',NULL,'2026-06-21 22:18:31'),
('01KVNG6XDHFSF8SYFP5K8PCRPP','06F43H2S28KNWX71TSF7MWWTA4','020bb8667bb6cdb4b1fe35b3fe96d27edb058104f0e7917a994b520a004fa098','01KVNG6XDHFSF8SYFP5K8PCRPN','2026-07-21 22:28:53',NULL,0,'2026-06-21 16:28:53',NULL,'2026-06-21 22:28:53'),
('01KVNG6XKN3M9J6TRFK8AZE2QQ','06F43H2S28KNWX71TSF7MWWTA4','e072573a6e16dd8d5f0c40d7c4bca4eaaff86614e4fe625a2623cfbeef88f233','01KVNG6XKN3M9J6TRFK8AZE2QP','2026-07-21 22:28:53',NULL,0,'2026-06-21 16:28:53',NULL,'2026-06-21 22:28:53'),
('01KVNG6XT244MYXRTCP5F0168E','06F43H2S28KNWX71TSF7MWWTA4','59859035596bc1a0bed482077f32fbc8034b0b804281496254a3ad84daf9bc6d','01KVNG6XT244MYXRTCP5F0168D','2026-07-21 22:28:53',NULL,0,'2026-06-21 18:37:14',NULL,'2026-06-21 22:28:53'),
('01KVNNPMGQXGV1RCD9WQ1Z3RVH','06F43H2S28KNWX71TSF7MWWTA4','5fa431c283df1e098e5ed1d36fb0d958748b1fcf605e97c4563bf425b31231c5','01KVNNPMGQXGV1RCD9WQ1Z3RVG','2026-07-22 00:04:51',NULL,0,'2026-06-21 18:37:14',NULL,'2026-06-22 00:04:51'),
('01KVNQGYQMADSN68VS1CVA4PZ7','01KVNQFNTSZNSE9WP5YKE3XQKY','e92e81f7779d5532281893317a5bd882fd3370887504ef4d71f040b496499f2a','01KVNQGYQMADSN68VS1CVA4PZ6','2026-07-22 00:36:42',NULL,0,NULL,NULL,'2026-06-22 00:36:42'),
('01KVNQHHF9TVMSD2HVZWTXG7V6','01KVNQFNTSZNSE9WP5YKE3XQKY','b5d1cf2bb8974c6160b656ded5dd5af296ad4f26e06485cd9c3c47f6d1129b76','01KVNQHHF9TVMSD2HVZWTXG7V5','2026-07-22 00:37:01',NULL,0,NULL,NULL,'2026-06-22 00:37:01'),
('01KVNQJ3BQXT84JJAZ16H41W0T','01KVNQFNTSZNSE9WP5YKE3XQKY','e5c48cbc3ee0cec920451f8a6abf269fe9bba2bad35dd04f62d82488159e60ed','01KVNQJ3BQXT84JJAZ16H41W0S','2026-07-22 00:37:19',NULL,0,NULL,NULL,'2026-06-22 00:37:19'),
('01KVNQJ90GKB5WD01CX1YC76NT','01KVNQFNTSZNSE9WP5YKE3XQKY','4e50da73968a0759e54029cc1d02710a562706eafc945ec813e073dbf867b38e','01KVNQJ90GKB5WD01CX1YC76NS','2026-07-22 00:37:25',NULL,0,NULL,NULL,'2026-06-22 00:37:25'),
('01KVNQNWJVNYXEGW22GRC3D97D','01KVNQFNTSZNSE9WP5YKE3XQKY','c9934653ac7bd27aea5a9c0a041137eb9491416af869f2f7bdff75d06908c5bc','01KVNQNWJVNYXEGW22GRC3D97C','2026-07-22 00:39:23',NULL,0,NULL,NULL,'2026-06-22 00:39:23'),
('01KVNQP3M9S9SFTYHJKCAVAC7X','06F43H2S28KNWX71TSF7MWWTA4','bf8d3d8fbf8ebf6b381dde54ff0b9f0aedb95313807f78dfe953b911c3d55b99','01KVNQP3M9S9SFTYHJKCAVAC7W','2026-07-22 00:39:30',NULL,0,'2026-06-22 01:02:02',NULL,'2026-06-22 00:39:30'),
('01KVNR8F4NXP4CY6T6R94HRKV6','06F43H2S28KNWX71TSF7MWWTA4','1926ed641ed86f9124e579e0a12275ba66c2e19c498cac7fb169e4f2acf000b9','01KVNR8F4NXP4CY6T6R94HRKV5','2026-07-22 00:49:32',NULL,0,'2026-06-22 01:02:02',NULL,'2026-06-22 00:49:32'),
('01KVNR8PSEVX09ANS13JZ7BDVA','01KVNQFNTSZNSE9WP5YKE3XQKY','923b0b6c9d810033f57dd76313a2f9d226e23bb405667612d32cfc636d72848f','01KVNR8PSEVX09ANS13JZ7BDV9','2026-07-22 00:49:40',NULL,0,NULL,NULL,'2026-06-22 00:49:40'),
('01KVNRG4HK3PFRME6MX4MC24ZH','01KVNQFNTSZNSE9WP5YKE3XQKY','36511dcbe4607f1c7eeeee7b259529b105a5f2e9cf3ac2b89792f955431ceec6','01KVNRG4HK3PFRME6MX4MC24ZG','2026-07-22 00:53:43',NULL,0,NULL,NULL,'2026-06-22 00:53:43'),
('01KVNRK5SCB5G1JW838QNS30HB','01KVNQFNTSZNSE9WP5YKE3XQKY','f34f6452f3e36c15813bbb4e1eed4a2030abc9f8d2de841312eaa8ae6eecc5d5','01KVNRK5SCB5G1JW838QNS30HA','2026-07-22 00:55:23',NULL,0,NULL,NULL,'2026-06-22 00:55:23'),
('01KVNRM1VQ1F8TCF8Q8R5KPZ16','01KVNRKQ1HW3YH0NRXQF744JK9','7aac43ec2acb873fa08c488bdc4de4a5a9d7b693f668ddb13e7b7b352b3ce894','01KVNRM1VQ1F8TCF8Q8R5KPZ15','2026-07-22 00:55:52',NULL,0,'2026-06-21 19:03:53',NULL,'2026-06-22 00:55:52'),
('01KVNRXBAMXS9TCYEFYX96YGDB','01KVNRKQ1HW3YH0NRXQF744JK9','cf778016ff6493e5d2be534b48e2e5942fe6029fc4de4108e09bf12ff00a444a','01KVNRXBAMXS9TCYEFYX96YGDA','2026-07-22 01:00:56',NULL,0,'2026-06-21 19:03:53',NULL,'2026-06-22 01:00:56'),
('01KVNRXFWDS2DFE691KJ411K71','01KVNRKQ1HW3YH0NRXQF744JK9','250533239d72f6e97d84f8bb4c980bfb3c5392d6bc7ad82bb78e04d564640e88','01KVNRXFWDS2DFE691KJ411K70','2026-07-22 01:01:01',NULL,0,'2026-06-21 19:03:53',NULL,'2026-06-22 01:01:01'),
('01KVNRYRG8BG8B57ZQ9SVX5XPD','01KVNRKQ1HW3YH0NRXQF744JK9','c547c8f3be343ddf18034b0f011a759e880ec9abbef21717f46dbaf63662ae5f','01KVNRYRG8BG8B57ZQ9SVX5XPC','2026-07-22 01:01:43',NULL,0,'2026-06-21 19:03:53',NULL,'2026-06-22 01:01:43'),
('01KVPDCJKS83X445ZXGQMNZS2M','01KVNRKQ1HW3YH0NRXQF744JK9','c14c41edd01d52f666a1e4ac541cd3355a901936005a1cbf5e88b1591f67df10','01KVPDCJKS83X445ZXGQMNZS2K','2026-07-22 06:58:47',NULL,0,NULL,NULL,'2026-06-22 06:58:47'),
('01KVPDJ75P9JGCF2ZMW4FP7WCP','06F43H2S28KNWX71TSF7MWWTA4','43babaa3b0c5072f07f319fc608de7e46a08acd40e9697cc67ab377db1cc5de8','01KVPDJ75P9JGCF2ZMW4FP7WCN','2026-07-22 07:01:52',NULL,0,'2026-06-22 01:02:02',NULL,'2026-06-22 07:01:52'),
('01KVPDJS9G2QY193PGZNK0DHNP','06F43H2S28KNWX71TSF7MWWTA4','6d6cf7eb2ae79c913d5b9d29ca64c81abfe158600cca749c3221e1b602573dde','01KVPDJS9G2QY193PGZNK0DHNN','2026-07-22 07:02:10',NULL,0,NULL,NULL,'2026-06-22 07:02:10'),
('01KVPE7FP5G11BB7N1RZ36FS9E','06F43H2S28KNWX71TSF7MWWTA4','b2f19b6210fcd072bea7ea004cdb13aade3cde5b9bac2f9db1e5e434874be5b5','01KVPE7FP5G11BB7N1RZ36FS9D','2026-07-22 07:13:29',NULL,0,NULL,NULL,'2026-06-22 07:13:29'),
('01KVPE7NGETMCEJBZFNQ2XQ948','01KVNRKQ1HW3YH0NRXQF744JK9','88912e6ee4afb843f8616106cbc1b1f83f6c0fa901c4342e648996f550130323','01KVPE7NGETMCEJBZFNQ2XQ947','2026-07-22 07:13:34',NULL,0,NULL,NULL,'2026-06-22 07:13:34'),
('01KVPED5JMWBJE25F5P6FE37E7','06F43H2S28KNWX71TSF7MWWTA4','820ff0e8a1c0a33c9461313f1c85799539f6db0e70b62c4d49983662a5d77407','01KVPED5JMWBJE25F5P6FE37E6','2026-07-22 07:16:35',NULL,0,NULL,NULL,'2026-06-22 07:16:35'),
('01KVPEFQARWHYWHZHKD7XVRRP5','06F43H2S28KNWX71TSF7MWWTA4','e8f3b95f8b32a31a7eed3e5f168dbf238d55fe79f6709bb635d14540874dabdf','01KVPEFQARWHYWHZHKD7XVRRP4','2026-07-22 07:17:59',NULL,0,NULL,NULL,'2026-06-22 07:17:59'),
('01KVPEG2XK5EESGGNP30196ZCV','01KVNRKQ1HW3YH0NRXQF744JK9','6c3eb2ed0e8251676cee04168cf06d1c22e6055f172eeae41bb11d3926fcb133','01KVPEG2XK5EESGGNP30196ZCT','2026-07-22 07:18:10',NULL,0,NULL,NULL,'2026-06-22 07:18:10'),
('01KVPQ4NJJZTAM5WXRZB0FS3K4','01KVNRKQ1HW3YH0NRXQF744JK9','878020f04a72209d97efb691ddc270e7266afb514d03e0f9d38edf458fa3dc22','01KVPQ4NJJZTAM5WXRZB0FS3K3','2026-07-22 09:49:13',NULL,0,NULL,NULL,'2026-06-22 09:49:13');
/*!40000 ALTER TABLE `refresh_tokens` ENABLE KEYS */;
UNLOCK TABLES;
COMMIT;
SET AUTOCOMMIT=@OLD_AUTOCOMMIT;
/*!50003 SET @saved_cs_client      = @@character_set_client */ ;
/*!50003 SET @saved_cs_results     = @@character_set_results */ ;
/*!50003 SET @saved_col_connection = @@collation_connection */ ;
/*!50003 SET character_set_client  = utf8mb4 */ ;
/*!50003 SET character_set_results = utf8mb4 */ ;
/*!50003 SET collation_connection  = utf8mb4_uca1400_ai_ci */ ;
/*!50003 SET @saved_sql_mode       = @@sql_mode */ ;
/*!50003 SET sql_mode              = 'NO_AUTO_VALUE_ON_ZERO' */ ;
DELIMITER ;;
/*!50003 CREATE*/ /*!50017 DEFINER=`mario`@`localhost`*/ /*!50003 TRIGGER `prevent_double_use_before_insert` BEFORE UPDATE ON `refresh_tokens` FOR EACH ROW BEGIN
    IF OLD.used_at IS NOT NULL AND NEW.used_at IS NULL THEN
        SIGNAL SQLSTATE '45000' SET MESSAGE_TEXT = 'Cannot unset used_at on a token';
    END IF;
END 
*/;;
DELIMITER ;
/*!50003 SET sql_mode              = @saved_sql_mode */ ;
/*!50003 SET character_set_client  = @saved_cs_client */ ;
/*!50003 SET character_set_results = @saved_cs_results */ ;
/*!50003 SET collation_connection  = @saved_col_connection */ ;

--
-- Table structure for table `requests`
--

DROP TABLE IF EXISTS `requests`;
/*!40101 SET @saved_cs_client     = @@character_set_client */;
/*!40101 SET character_set_client = utf8mb4 */;
CREATE TABLE `requests` (
  `request_id` char(26) NOT NULL,
  `province_snit_code` mediumint(9) unsigned NOT NULL,
  `canton_snit_code` mediumint(9) unsigned NOT NULL,
  `district_snit_code` mediumint(9) unsigned NOT NULL,
  `user_id` char(26) NOT NULL,
  `request_name` varchar(110) NOT NULL DEFAULT 'SOLI-XXXXX',
  `owner_name` varchar(110) DEFAULT NULL,
  `owner_phone_number` varchar(14) DEFAULT NULL,
  `owner_email` varchar(255) DEFAULT NULL,
  `current_usage` enum('Residencial','Comercial','Turístico','Conservación','Ganadería','Otro') NOT NULL DEFAULT 'Otro',
  `temperature_sensation` enum('Hirviendo','Muy Caliente','Caliente','Templado','Natural','Sin Especificar') NOT NULL DEFAULT 'Sin Especificar',
  `bubbles` tinyint(1) DEFAULT 0,
  `details` varchar(255) DEFAULT NULL,
  `exact_address` varchar(500) DEFAULT NULL,
  `latitude` double(10,7) DEFAULT NULL,
  `longitude` double(10,7) DEFAULT NULL,
  `created_at` timestamp NOT NULL DEFAULT current_timestamp(),
  `relation_with_owner` enum('Familiar','Empleado','Socio','Conocido','Titular') DEFAULT 'Titular'
) ENGINE=InnoDB DEFAULT CHARSET=utf8mb4 COLLATE=utf8mb4_general_ci;
/*!40101 SET character_set_client = @saved_cs_client */;

--
-- Dumping data for table `requests`
--

SET @OLD_AUTOCOMMIT=@@AUTOCOMMIT, @@AUTOCOMMIT=0;
LOCK TABLES `requests` WRITE;
/*!40000 ALTER TABLE `requests` DISABLE KEYS */;
INSERT INTO `requests` VALUES
('01KSDMN7M3K0VPMETMKBD7QHFG',5,504,50401,'06F43H2S28KNWX71TSF7MWWTA4','SOLI-7QHFG',NULL,NULL,NULL,'Ganadería','Caliente',1,'Se observa emanación de vapor','Camino a Bagaces, 200 m norte de escuela',10.1234560,-85.1234560,'2026-05-24 18:41:17',NULL),
('01KVEFXZQE1BH2X1YHF9JXZCB0',5,504,50401,'06F43H2S28KNWX71TSF7MWWTA4','SOLI-XZCB0',NULL,NULL,NULL,'Ganadería','Caliente',1,'Se observa emanación de vapor','Camino a Bagaces, 200 m norte de escuela',10.1234560,-85.1234560,'2026-06-18 23:09:19','Titular'),
('01KVKQ64W8STX2ZS6ZPA225A6M',5,204,50405,'06F43H2S28KNWX71TSF7MWWTA4','SOLI-25A6M',NULL,NULL,NULL,'Ganadería','Templado',0,'Se observa deterioro en tuberia','Camino a Cartago',10.1234560,-85.1234560,'2026-06-20 23:52:19','Titular'),
('01KVKRMVAYXA8ZAEPAEPWJYEXB',5,504,50401,'06F43H2S28KNWX71TSF7MWWTA4','SOLI-JYEXB',NULL,NULL,NULL,'Ganadería','Caliente',1,'Se observa emanación de vapor','Camino a Bagaces, 200 m norte de escuela',10.1234560,-85.1234560,'2026-06-21 00:17:49','Titular'),
('01KVMEJ46HFMV729CE5DXN0BMZ',5,504,50401,'06F43H2S28KNWX71TSF7MWWTA4','SOLI-N0BMZ',NULL,NULL,NULL,'Ganadería','Caliente',1,'Se observa emanación de vapor','Camino a Bagaces, 200 m norte de escuela',10.1234560,-85.1234560,'2026-06-21 06:40:48','Titular'),
('01KVMENRFY6TZM2DVMJM111YN8',5,504,50401,'06F43H2S28KNWX71TSF7MWWTA4','SOLI-11YN8',NULL,NULL,NULL,'Ganadería','Caliente',1,'Se observa emanación de vapor','Camino a Bagaces, 200 m norte de escuela',10.1234560,-85.1234560,'2026-06-21 06:42:47','Titular'),
('01KVNG6Y6Y8GKMR18R4PX0SY9Q',5,504,50401,'06F43H2S28KNWX71TSF7MWWTA4','SOLI-0SY9Q',NULL,NULL,NULL,'Ganadería','Caliente',1,'Se observa emanación de vapor','Camino a Bagaces, 200 m norte de escuela',10.1234560,-85.1234560,'2026-06-21 16:28:53','Titular'),
('01KVNN2X8D42YKV7A1NKRN95T5',5,504,50401,'06F43H2S28KNWX71TSF7MWWTA4','SOLI-N95T5',NULL,NULL,NULL,'Ganadería','Caliente',1,'Se observa emanación de vapor','Camino a Bagaces, 200 m norte de escuela',10.1234560,-85.1234560,'2026-06-21 17:54:04','Titular'),
('01KVNNRFEE9WH347NAECQTB718',5,504,50401,'06F43H2S28KNWX71TSF7MWWTA4','SOLI-TB718',NULL,NULL,NULL,'Ganadería','Caliente',1,'Se observa emanación de vapor','Camino a Bagaces, 200 m norte de escuela',10.1234560,-85.1234560,'2026-06-21 18:05:51','Titular'),
('01KVNNWRWB06E0ACFN5099T65W',5,504,50401,'06F43H2S28KNWX71TSF7MWWTA4','SOLI-9T65W',NULL,NULL,NULL,'Ganadería','Caliente',1,'Se observa emanación de vapor','Camino a Bagaces, 200 m norte de escuela',10.1234560,-85.1234560,'2026-06-21 18:08:12','Titular'),
('01KVNP3JZFXGZP3HWT1GMCCAGW',5,504,50401,'06F43H2S28KNWX71TSF7MWWTA4','SOLI-CCAGW',NULL,NULL,NULL,'Ganadería','Caliente',1,'Se observa emanación de vapor','Camino a Bagaces, 200 m norte de escuela',10.1234560,-85.1234560,'2026-06-21 18:11:55','Titular'),
('01KVNPJ10APWW29KV1WW8QY19N',5,504,50401,'06F43H2S28KNWX71TSF7MWWTA4','SOLI-QY19N',NULL,NULL,NULL,'Ganadería','Caliente',1,'Se observa emanación de vapor','Camino a Bagaces, 200 m norte de escuela',10.1234560,-85.1234560,'2026-06-21 18:19:48','Titular'),
('01KVNRZMQFZHMQTQ40N38N6K4J',5,504,50401,'01KVNRKQ1HW3YH0NRXQF744JK9','SOLI-N6K4J',NULL,NULL,NULL,'Ganadería','Caliente',1,'Se observa emanación de vapor','Camino a Bagaces, 200 m norte de escuela',10.1234560,-85.1234560,'2026-06-21 19:02:11','Titular');
/*!40000 ALTER TABLE `requests` ENABLE KEYS */;
UNLOCK TABLES;
COMMIT;
SET AUTOCOMMIT=@OLD_AUTOCOMMIT;

--
-- Table structure for table `requests_state`
--

DROP TABLE IF EXISTS `requests_state`;
/*!40101 SET @saved_cs_client     = @@character_set_client */;
/*!40101 SET character_set_client = utf8mb4 */;
CREATE TABLE `requests_state` (
  `request_status_id` char(26) NOT NULL,
  `request_id` char(26) NOT NULL,
  `value` enum('Pendiente','Revisión','Procesada','') NOT NULL DEFAULT 'Pendiente',
  `description` varchar(255) DEFAULT NULL,
  `created_at` timestamp NOT NULL DEFAULT current_timestamp(),
  `created_by` char(26) NOT NULL
) ENGINE=InnoDB DEFAULT CHARSET=utf8mb4 COLLATE=utf8mb4_general_ci;
/*!40101 SET character_set_client = @saved_cs_client */;

--
-- Dumping data for table `requests_state`
--

SET @OLD_AUTOCOMMIT=@@AUTOCOMMIT, @@AUTOCOMMIT=0;
LOCK TABLES `requests_state` WRITE;
/*!40000 ALTER TABLE `requests_state` DISABLE KEYS */;
INSERT INTO `requests_state` VALUES
('01KSDMN7M7HWY0WQRCB9V4M8F7','01KSDMN7M3K0VPMETMKBD7QHFG','Pendiente','Solicitud creada','2026-05-24 18:41:17','06F43H2S28KNWX71TSF7MWWTA4'),
('01KSDSEXG64WMXCFJ7BXA0KT7N','01KSDMN7M3K0VPMETMKBD7QHFG','Revisión','El equipo técnico está evaluando la solicitud','2026-05-24 20:05:13','06F43H2S28KNWX71TSF7MWWTA4'),
('01KSG0HZ2SYTKY2VCA5PWY8FXB','01KSDMN7M3K0VPMETMKBD7QHFG','Procesada','El equipo técnico proceso la solicitud','2026-05-25 16:47:42','06F43H2S28KNWX71TSF7MWWTA4'),
('01KTPYQEJYFF4VRF8R3FFZCMSX','01KSDMN7M3K0VPMETMKBD7QHFG','Procesada','El equipo técnico proceso la solicitud','2026-06-09 19:46:07','06F43H2S28KNWX71TSF7MWWTA4'),
('01KTPYR1Z1PFSGKTT6B8Q9083R','01KSDMN7M3K0VPMETMKBD7QHFG','Procesada','El equipo técnico proceso la solicitud','2026-06-09 19:46:27','06F43H2S28KNWX71TSF7MWWTA4'),
('01KTQ22CHMDG0XCMX4R6W9WQ37','01KSDMN7M3K0VPMETMKBD7QHFG','Procesada','El equipo técnico proceso la solicitud','2026-06-09 20:44:31','06F43H2S28KNWX71TSF7MWWTA4'),
('01KVEFXZQHVB7J0QB7B56H7TWC','01KVEFXZQE1BH2X1YHF9JXZCB0','Pendiente','Solicitud creada','2026-06-18 23:09:19','06F43H2S28KNWX71TSF7MWWTA4'),
('01KVEHPYPBCBVSMVRVQ6S93C71','01KVEFXZQE1BH2X1YHF9JXZCB0','Revisión','El equipo técnico proceso la solicitud','2026-06-18 23:40:26','06F43H2S28KNWX71TSF7MWWTA4'),
('01KVKQ64WD5AMBKFBZBKA83QTV','01KVKQ64W8STX2ZS6ZPA225A6M','Pendiente','Solicitud creada','2026-06-20 23:52:19','06F43H2S28KNWX71TSF7MWWTA4'),
('01KVKRMVAZCE4MWDGWA6WS2ENS','01KVKRMVAYXA8ZAEPAEPWJYEXB','Pendiente','Solicitud creada','2026-06-21 00:17:49','06F43H2S28KNWX71TSF7MWWTA4'),
('01KVMEJ46JN8PTZKGWBHFJQ93X','01KVMEJ46HFMV729CE5DXN0BMZ','Pendiente','Solicitud creada','2026-06-21 06:40:48','06F43H2S28KNWX71TSF7MWWTA4'),
('01KVMEJ47Y1HRD6B7JFVX703Y8','01KVEFXZQE1BH2X1YHF9JXZCB0','Revisión','El equipo técnico proceso la solicitud','2026-06-21 06:40:48','06F43H2S28KNWX71TSF7MWWTA4'),
('01KVMENRFY6TZM2DVMJM111YN9','01KVMENRFY6TZM2DVMJM111YN8','Pendiente','Solicitud creada','2026-06-21 06:42:47','06F43H2S28KNWX71TSF7MWWTA4'),
('01KVMENRHE35CCF6GKCNAP557P','01KVEFXZQE1BH2X1YHF9JXZCB0','Revisión','El equipo técnico proceso la solicitud','2026-06-21 06:42:47','06F43H2S28KNWX71TSF7MWWTA4'),
('01KVNG6Y6ZHWV934V8NG0NX4PF','01KVNG6Y6Y8GKMR18R4PX0SY9Q','Pendiente','Solicitud creada','2026-06-21 16:28:53','06F43H2S28KNWX71TSF7MWWTA4'),
('01KVNG6Y8DHHVJ4KCBGQZNV061','01KVEFXZQE1BH2X1YHF9JXZCB0','Revisión','El equipo técnico proceso la solicitud','2026-06-21 16:28:53','06F43H2S28KNWX71TSF7MWWTA4'),
('01KVNN2X8EPM5FP0VV9WQS2HDV','01KVNN2X8D42YKV7A1NKRN95T5','Pendiente','Solicitud creada','2026-06-21 17:54:04','06F43H2S28KNWX71TSF7MWWTA4'),
('01KVNN4Q4A7W71AZ413G9RQJY0','01KVEFXZQE1BH2X1YHF9JXZCB0','Revisión','El equipo técnico proceso la solicitud','2026-06-21 17:55:03','06F43H2S28KNWX71TSF7MWWTA4'),
('01KVNNPVQTBR3Q1W57XNW1D24H','01KVEFXZQE1BH2X1YHF9JXZCB0','Revisión','El equipo técnico proceso la solicitud','2026-06-21 18:04:58','06F43H2S28KNWX71TSF7MWWTA4'),
('01KVNNRFEHSWW95E3SMGBGA688','01KVNNRFEE9WH347NAECQTB718','Pendiente','Solicitud creada','2026-06-21 18:05:51','06F43H2S28KNWX71TSF7MWWTA4'),
('01KVNNWRWC38JWPEYA8NEBS0QZ','01KVNNWRWB06E0ACFN5099T65W','Pendiente','Solicitud creada','2026-06-21 18:08:12','06F43H2S28KNWX71TSF7MWWTA4'),
('01KVNP3JZGAYEK64Q95ZXAY401','01KVNP3JZFXGZP3HWT1GMCCAGW','Pendiente','Solicitud creada','2026-06-21 18:11:55','06F43H2S28KNWX71TSF7MWWTA4'),
('01KVNPJ10CCMQ81AR2DQK7P3TA','01KVNPJ10APWW29KV1WW8QY19N','Pendiente','Solicitud creada','2026-06-21 18:19:48','06F43H2S28KNWX71TSF7MWWTA4'),
('01KVNRZMQJWP2ZBPHGYYYPPC55','01KVNRZMQFZHMQTQ40N38N6K4J','Pendiente','Solicitud creada','2026-06-21 19:02:11','01KVNRKQ1HW3YH0NRXQF744JK9');
/*!40000 ALTER TABLE `requests_state` ENABLE KEYS */;
UNLOCK TABLES;
COMMIT;
SET AUTOCOMMIT=@OLD_AUTOCOMMIT;

--
-- Table structure for table `users`
--

DROP TABLE IF EXISTS `users`;
/*!40101 SET @saved_cs_client     = @@character_set_client */;
/*!40101 SET character_set_client = utf8mb4 */;
CREATE TABLE `users` (
  `user_id` char(26) NOT NULL,
  `email` varchar(255) NOT NULL,
  `phone_number` varchar(14) DEFAULT NULL,
  `first_name` varchar(55) NOT NULL,
  `last_name` varchar(110) NOT NULL,
  `password_hash` varchar(255) NOT NULL,
  `role` enum('admin','user','maintenance','investigator','field_investigator') NOT NULL DEFAULT 'user',
  `is_deleted` tinyint(4) NOT NULL DEFAULT 0,
  `is_verified` tinyint(1) NOT NULL DEFAULT 0,
  `failed_login_attempts` tinyint(1) unsigned DEFAULT 0,
  `last_login_at` timestamp NULL DEFAULT NULL,
  `deleted_at` timestamp NULL DEFAULT NULL,
  `created_at` timestamp NULL DEFAULT current_timestamp()
) ENGINE=InnoDB DEFAULT CHARSET=utf8mb4 COLLATE=utf8mb4_general_ci;
/*!40101 SET character_set_client = @saved_cs_client */;

--
-- Dumping data for table `users`
--

SET @OLD_AUTOCOMMIT=@@AUTOCOMMIT, @@AUTOCOMMIT=0;
LOCK TABLES `users` WRITE;
/*!40000 ALTER TABLE `users` DISABLE KEYS */;
INSERT INTO `users` VALUES
('01KSDHAZHHKK02DG47168ZX7TV','juancarlos@example.com','87654321','Juan Carlos','Pérez Gómez','$2y$10$gRipQdtJbLdnA3DwaVQ/Y.2yNzJGZFzCx0aZZ3ZDuJFatK9cszA0S','user',0,0,0,NULL,NULL,'2026-05-24 17:43:15'),
('01KV1Y23C22RQFF7TVRQ0BYEE7','aaron.carmona@geoterra.com',NULL,'Aaron','Carmona Sanchez','$2y$12$LiDfgxB4Eobi.4vMyNp83OJn..7H0vmL44RbXEXFSA0ju.dWdmwLa','user',0,0,0,NULL,NULL,'2026-06-14 02:06:06'),
('01KVNQFNTSZNSE9WP5YKE3XQKY','aaron.carmona@ucr.ac.cr',NULL,'Aaron AA','Sanchez SS','$2y$12$Zqxwp8N8jqx6ks3/ZJHFzeQt9lzfvwCmFaDM3n8h5Aibd3qP8fV3C','user',0,0,0,NULL,NULL,'2026-06-21 18:36:00'),
('01KVNRKQ1HW3YH0NRXQF744JK9','aaron.carmona1@ucr.ac.cr',NULL,'Aaron AA','Sanchez SS','$2y$12$EYZiECZzJ0pau0RDCJQJM.Kw/ESZ3C72t3GGbylyF9hxEJ7zV.hYS','user',0,0,0,NULL,NULL,'2026-06-21 18:55:41'),
('06F43H2S28KNWX71TSF7MWWTA4','system@geoterra.com',NULL,'System','Importer','$2y$12$maFlo43rQpKj8KpN4PAssu6CiBsWF3oqJRKwk.SPPzUxPf3Jemnbe','admin',0,1,0,NULL,NULL,'2026-05-19 19:44:07');
/*!40000 ALTER TABLE `users` ENABLE KEYS */;
UNLOCK TABLES;
COMMIT;
SET AUTOCOMMIT=@OLD_AUTOCOMMIT;

--
-- Table structure for table `view_logs_entries`
--

DROP TABLE IF EXISTS `view_logs_entries`;
/*!40101 SET @saved_cs_client     = @@character_set_client */;
/*!40101 SET character_set_client = utf8mb4 */;
CREATE TABLE `view_logs_entries` (
  `id` bigint(20) DEFAULT NULL,
  `log_id` bigint(20) DEFAULT NULL,
  `field_name` varchar(100) DEFAULT NULL,
  `old_value` text DEFAULT NULL,
  `new_value` text DEFAULT NULL,
  `auto_id` bigint(20) DEFAULT NULL,
  `table_name` varchar(100) DEFAULT NULL,
  `updated_at` datetime DEFAULT NULL,
  `updated_by` bigint(20) DEFAULT NULL,
  `updated_by_name` varchar(100) DEFAULT NULL
) ENGINE=InnoDB DEFAULT CHARSET=utf8mb4 COLLATE=utf8mb4_unicode_ci;
/*!40101 SET character_set_client = @saved_cs_client */;

--
-- Dumping data for table `view_logs_entries`
--

SET @OLD_AUTOCOMMIT=@@AUTOCOMMIT, @@AUTOCOMMIT=0;
LOCK TABLES `view_logs_entries` WRITE;
/*!40000 ALTER TABLE `view_logs_entries` DISABLE KEYS */;
/*!40000 ALTER TABLE `view_logs_entries` ENABLE KEYS */;
UNLOCK TABLES;
COMMIT;
SET AUTOCOMMIT=@OLD_AUTOCOMMIT;
/*!40103 SET TIME_ZONE=@OLD_TIME_ZONE */;

/*!40101 SET SQL_MODE=@OLD_SQL_MODE */;
/*!40014 SET FOREIGN_KEY_CHECKS=@OLD_FOREIGN_KEY_CHECKS */;
/*!40014 SET UNIQUE_CHECKS=@OLD_UNIQUE_CHECKS */;
/*!40101 SET CHARACTER_SET_CLIENT=@OLD_CHARACTER_SET_CLIENT */;
/*!40101 SET CHARACTER_SET_RESULTS=@OLD_CHARACTER_SET_RESULTS */;
/*!40101 SET COLLATION_CONNECTION=@OLD_COLLATION_CONNECTION */;
/*M!100616 SET NOTE_VERBOSITY=@OLD_NOTE_VERBOSITY */;

-- Dump completed on 2026-07-23 21:31:17
